,Ticker,Name,Segment,Industry,Issuer,Expense Ratio,AUM,Grade,Dividend,P/E,P/B,1 Month,3 Month,YTD,1 Year,3 Years,5 Years,10 Years,Region,Asset Class
0,SPY,SPDR S&P 500 ETF Trust,Equity: U.S. - Large Cap,Total,State Street Global Advisors,0.09,3.612E+11,2,1.38,37.52,4.56,0.73,9.1,12.79,38.64,17.55,17.01,14.57,North America,Equity
1,IVV,iShares Core S&P 500 ETF,Equity: U.S. - Large Cap,Total,Blackrock,0.03,2.798E+11,2,1.38,37.54,4.56,0.75,8.76,12.42,37.67,17.3,16.88,14.55,North America,Equity
2,VTI,Vanguard Total Stock Market ETF,Equity: U.S. - Total Market,Total,Vanguard,0.03,2.442E+11,2,1.28,46.87,4.31,0.63,7.82,12.61,42.36,17.7,17.3,14.53,North America,Equity
3,VOO,Vanguard S&P 500 ETF,Equity: U.S. - Large Cap,Total,Vanguard,0.03,2.255E+11,2,1.37,37.55,4.57,0.76,9.14,12.84,38.76,17.6,17.07,14.65,North America,Equity
4,QQQ,Invesco QQQ Trust,Equity: U.S. - Large Cap,Total,Invesco,0.2,1.605E+11,2,0.72,38.83,8.19,-1.34,4.86,6.42,42.41,25.49,25.78,20.52,North America,Equity
5,VEA,Vanguard FTSE Developed Markets ETF,Equity: Developed Markets Ex-U.S. - Total Market,Total,"Vanguard Group, Inc.",0.05,1.02E+11,2,2.2,37.91,1.77,4.43,8.54,12.47,39.13,9.02,10.85,6.61,Develop Market,Equity
6,IEFA,iShares Core MSCI EAFE ETF,Equity: Developed Markets Ex-North America - Total Market,Total,Blackrock,0.07,97200000000,1,2.2,41.03,1.81,4.1,8.07,11.97,36.45,8.46,10.46,0,Develop Market,Equity
7,AGG,iShares Core U.S. Aggregate Bond ETF,"Fixed Income: U.S. - Broad Market, Broad-based Investment Grade",Broad,Blackrock,0.04,87800000000,2,0,0,0,0.29,-0.1,-2.38,-0.66,5.09,3.14,3.2,North America,Fixed Income
8,VWO,Vanguard FTSE Emerging Markets ETF,Equity: Emerging Markets - Total Market,Total,Vanguard,0.1,84000000000,1,1.95,22.8,2.03,4.08,3.35,10.18,44.08,9.89,13.09,3.95,Emerging Market,Equity
9,VTV,Vanguard Value ETF,Equity: U.S. - Large Cap Value,Total,Vanguard,0.04,82200000000,2,2.23,29.94,2.79,3.28,11.77,18.7,40.52,13.15,13.54,12.51,North America,Equity
10,BND,Vanguard Total Bond Market ETF,"Fixed Income: U.S. - Broad Market, Broad-based Investment Grade",Broad,Vanguard,0.04,75300000000,2,0,0,0,0.25,-0.02,-2.56,-0.72,5.18,3.18,3.23,North America,Fixed Income
11,VUG,Vanguard Growth ETF,Equity: U.S. - Large Cap Growth,Total,Vanguard,0.04,73800000000,2,0.58,48.98,10.64,-1.66,5.64,6.83,39.09,22.82,21.34,16.87,North America,Equity
12,IJR,iShares Core S&P Small-Cap ETF,Equity: U.S. - Small Cap,Total,Blackrock,0.06,72200000000,2,1.1,-621.96,2.36,3.52,7.75,24.83,71.41,12.75,15.93,13.76,North America,Equity
13,IWM,iShares Russell 2000 ETF,Equity: U.S. - Small Cap,Total,Blackrock,0.19,69100000000,2,0.9,-55.97,2.76,1.53,3.17,16.67,63.47,13.16,15.93,12.39,North America,Equity
14,IJH,iShares Core S&P Mid-Cap ETF,Equity: U.S. - Mid Cap,Total,Blackrock,0.05,65000000000,2,1.13,42.1,2.87,0.28,8.19,18.88,53.55,13.44,14.36,12.52,North America,Equity
15,IWF,iShares Russell 1000 Growth ETF,Equity: U.S. - Large Cap Growth,Total,Blackrock,0.19,64300000000,2,0.73,41.83,12.33,-1.68,5.52,6.06,37.79,22.2,21.67,17.02,North America,Equity
16,GLD,SPDR Gold Trust,Commodities: Precious Metals Gold,Precious Metals Gold,State Street Global Advisors,0.4,63500000000,2,0,0,0,7.91,10.07,0.23,9.94,13.43,9.11,1.81,Global,Commodities
17,VIG,Vanguard Dividend Appreciation ETF,Equity: U.S. - Total Market,Total,Vanguard,0.06,59600000000,2,1.76,28.64,5.48,1.42,10.34,10.32,33,16.86,15.79,13.2,North America,Equity
18,IWD,iShares Russell 1000 Value ETF,Equity: U.S. - Large Cap Value,Total,Blackrock,0.19,54800000000,2,1.9,36.95,2.74,2.72,11.07,18.84,42.57,12.64,12.15,11.66,North America,Equity
19,VO,Vanguard Mid-Cap ETF,Equity: U.S. - Mid Cap,Total,Vanguard,0.04,48800000000,2,1.19,78.8,3.74,1.09,6.97,13.76,44.34,15.9,15.21,12.97,North America,Equity
20,VXUS,Vanguard Total International Stock ETF,Equity: Global Ex-U.S. - Total Market,Total,Vanguard,0.08,48400000000,2,2.13,32.41,1.83,4.28,7.27,11.98,40.04,9.07,11.24,5.85,Global Ex US,Equity
21,VB,Vanguard Small-Cap ETF,Equity: U.S. - Small Cap,Total,Vanguard,0.05,46400000000,2,1.05,-1348,2.94,1.02,5.52,15.77,56.5,14.55,15.64,12.97,North America,Equity
22,VCIT,Vanguard Intermediate-Term Corporate Bond ETF,"Fixed Income: U.S. - Corporate, Broad-based Investment Grade Intermediate",Corporate,Vanguard,0.05,45700000000,1,0,0,0,0.79,0.11,-2.12,3.14,7.42,4.82,5.01,North America,Fixed Income
23,XLF,Financial Select Sector SPDR Fund,Equity: U.S. Financials,Financials,State Street Global Advisors,0.12,45200000000,2,1.65,16,1.66,5.57,15.82,30.43,63.9,14.17,16.95,14.07,North America,Equity
24,VGT,Vanguard Information Technology ETF,Equity: U.S. Information Technology,Information Technology,Vanguard,0.1,43500000000,2,0.77,40.54,10.28,-1.12,3.21,5.54,42.28,27.44,29.16,20.76,North America,Equity
25,BNDX,Vanguard Total International Bond ETF,"Fixed Income: Global Ex-U.S. - Broad Market, Broad-based Investment Grade",Broad,Vanguard,0.08,42000000000,1,0,0,0,0.09,-0.54,-2.39,0.4,4.09,3.11,0,Global Ex US,Fixed Income
26,VNQ,Vanguard Real Estate ETF,Equity: U.S. Real Estate,Real Estate,Vanguard,0.12,40800000000,2,2.73,84.79,2.99,3.83,18.37,21.82,33.92,13.41,8.47,9.8,North America,Equity
27,LQD,iShares iBoxx USD Investment Grade Corporate Bond ETF,"Fixed Income: U.S. - Corporate, Broad-based Investment Grade",Corporate,Blackrock,0.14,40400000000,2,0,0,0,0.8,0.36,-3.73,2.21,7.95,5.25,5.31,North America,Fixed Income
28,VCSH,Vanguard Short-Term Corporate Bond ETF,"Fixed Income: U.S. - Corporate, Broad-based Investment Grade Short-Term",Corporate,Vanguard,0.05,39400000000,2,0,0,0,0.35,0.48,0.14,2.77,4.58,3.14,2.84,North America,Fixed Income
29,XLK,Technology Select Sector SPDR Fund,Equity: U.S. Information Technology,Information Technology,State Street Global Advisors,0.12,39100000000,2,0.88,35.19,10.66,-0.74,4.67,6.87,41.58,26.59,27.6,20.19,North America,Equity
30,ITOT,iShares Core S&P Total U.S. Stock Market ETF,Equity: U.S. - Total Market,Total,Blackrock,0.03,39100000000,2,1.28,46.39,4.3,0.6,7.9,12.72,42.32,17.62,17.24,14.56,North America,Equity
31,VYM,Vanguard High Dividend Yield ETF,Equity: U.S. - High Dividend Yield,Total,Vanguard,0.06,37900000000,2,2.81,28.04,2.8,3.53,11.55,18.06,36.87,11.87,12.2,12.61,North America,Equity
32,VEU,Vanguard FTSE All-World ex-US ETF,Equity: Global Ex-U.S. - Total Market,Total,Vanguard,0.08,35500000000,1,2.16,29.6,1.86,4.35,6.8,11.59,39.71,9.35,11.39,5.89,Global Ex US,Equity
33,BSV,Vanguard Short-Term Bond ETF,"Fixed Income: U.S. - Broad Market, Broad-based Investment Grade Short-Term",Broad,Vanguard,0.05,34100000000,2,0,0,0,0.22,0.15,-0.17,0.76,3.79,2.36,1.9,North America,Fixed Income
34,IVW,iShares S&P 500 Growth ETF,Equity: U.S. - Large Cap Growth,Total,Blackrock,0.18,32200000000,2,0.73,36.93,10.41,-1.24,6.94,7.81,37.03,20.21,20.04,16.53,North America,Equity
35,IAU,iShares Gold Trust,Commodities: Precious Metals Gold,Precious Metals Gold,Blackrock,0.25,30600000000,1,0,0,0,7.92,10.15,0.3,10.08,13.58,9.3,1.95,Global,Commodities
36,DIA,SPDR Dow Jones Industrial Average ETF Trust,Equity: U.S. - Large Cap,Total,State Street Global Advisors,0.16,30200000000,2,1.81,29.43,5.16,2.4,10.5,13.54,36.12,14.18,16.57,13.46,North America,Equity
37,SCHX,Schwab U.S. Large-Cap ETF,Equity: U.S. - Large Cap,Total,Charles Schwab,0.03,29800000000,2,1.32,39.27,4.58,0.61,8.31,12.3,40.5,18.11,17.46,14.69,North America,Equity
38,IXUS,iShares Core MSCI Total International Stock ETF,Equity: Global Ex-U.S. - Total Market,Total,Blackrock,0.09,29400000000,1,2.12,32.1,1.87,4.16,7.07,12.04,40.4,9.08,11.36,0,Global Ex US,Equity
39,IWR,iShares Russell Mid-Cap ETF,Equity: U.S. - Mid Cap,Total,Blackrock,0.19,29200000000,2,1.21,70.33,3.55,1.11,7.56,14.9,47.42,15.79,15.11,12.99,North America,Equity
40,IWB,iShares Russell 1000 ETF,Equity: U.S. - Large Cap,Total,Blackrock,0.15,29000000000,2,1.32,39.2,4.48,0.56,8.29,12.29,40.79,17.92,17.23,14.57,North America,Equity
41,RSP,Invesco S&P 500 Equal Weight ETF,Equity: U.S. - Large Cap,Total,Invesco,0.2,28700000000,2,1.55,57.5,3.41,2.33,11.62,19.52,49.56,16.38,15.36,13.53,North America,Equity
42,TIP,iShares TIPS Bond ETF,"Fixed Income: U.S. - Government, Inflation-linked Investment Grade",Government,Blackrock,0.19,28400000000,2,0,0,0,1.19,2.29,0.91,6.61,6.4,4.3,3.25,North America,Fixed Income
43,SCHF,Schwab International Equity ETF,Equity: Developed Markets Ex-U.S. - Total Market,Total,Charles Schwab,0.06,27800000000,2,2.23,34.53,1.81,4.44,8.47,12.36,38.33,9.04,10.78,6.14,Develop Market,Equity
44,USMV,iShares MSCI USA Min Vol Factor ETF,Equity: U.S. - Total Market,Total,Blackrock,0.15,27500000000,2,1.6,28.8,4.66,0.61,9.01,7.07,18.95,13.36,12.37,0,North America,Equity
45,XLV,Health Care Select Sector SPDR Fund,Equity: U.S. Health Care,Health Care,State Street Global Advisors,0.12,27100000000,2,1.52,32.47,5.04,0,7.03,7.32,20.17,15.46,12.79,15.06,North America,Equity
46,MBB,iShares MBS ETF,"Fixed Income: U.S. - Government, Mortgage-backed Investment Grade",Government,Blackrock,0.06,25600000000,2,0,0,0,-0.31,-0.52,-0.93,-0.64,3.84,2.29,2.42,North America,Fixed Income
47,IGSB,iShares 1-5 Year Investment Grade Corporate Bond ETF,"Fixed Income: U.S. - Corporate, Broad-based Investment Grade Short-Term",Corporate,Blackrock,0.06,25500000000,2,0,0,0,0.37,0.44,0.19,2.96,4.62,3.1,2.25,North America,Fixed Income
48,XLE,Energy Select Sector SPDR Fund,Equity: U.S. Energy,Energy,State Street Global Advisors,0.12,25500000000,2,4.19,-12.37,1.81,11.82,13.62,47.29,43.76,-5.15,0.66,0.2,North America,Equity
49,SCHD,Schwab U.S. Dividend Equity ETF,Equity: U.S. - High Dividend Yield,Total,Charles Schwab,0.06,25400000000,2,3.03,20.98,4.03,3.6,12.94,21.23,50.21,19.66,17.29,0,North America,Equity
50,VBR,Vanguard Small-Cap Value ETF,Equity: U.S. - Small Cap Value,Total,Vanguard,0.07,24900000000,2,1.51,-389.11,2.19,3.84,11.77,26.27,69.32,11.7,13.17,12.25,North America,Equity
51,VV,Vanguard Large-Cap ETF,Equity: U.S. - Large Cap,Total,Vanguard,0.04,23900000000,2,1.32,38.07,4.69,0.52,8.43,12.06,39.87,18.15,17.47,14.71,North America,Equity
52,IVE,iShares S&P 500 Value ETF,Equity: U.S. - Large Cap Value,Total,Blackrock,0.18,23000000000,2,2.07,38.2,2.85,2.92,11.36,18.27,38.62,13.56,12.85,11.93,North America,Equity
53,MUB,iShares National Muni Bond ETF,"Fixed Income: U.S. - Government, Local Authority/Municipal Investment Grade",Government,Blackrock,0.07,21900000000,2,0,0,0,0.47,1.66,0.57,3.86,4.85,3.14,3.8,North America,Fixed Income
54,MDY,SPDR S&P Midcap 400 ETF Trust,Equity: U.S. - Mid Cap,Total,State Street Global Advisors,0.23,21800000000,2,1.13,42.1,2.87,0.22,8.12,18.73,53.25,13.28,14.13,12.3,North America,Equity
55,HYG,iShares iBoxx USD High Yield Corporate Bond ETF,"Fixed Income: U.S. - Corporate, Broad-based High Yield",Corporate,Blackrock,0.49,21700000000,1,0,0,0,0.46,1.35,1.69,9.38,6,6.16,5.28,North America,Fixed Income
56,VT,Vanguard Total World Stock ETF,Equity: Global - Total Market,Total,Vanguard,0.08,21300000000,2,1.65,36.79,2.75,2.11,7.53,12.03,41.1,13.79,14.51,10.14,Global,Equity
57,XLI,Industrial Select Sector SPDR Fund,Equity: U.S. Industrials,Industrials,State Street Global Advisors,0.12,21100000000,2,1.34,76.68,6.09,3.24,13.91,19.2,55.59,14.05,15.72,13.45,North America,Equity
58,ARKK,ARK Innovation ETF,Equity: Global Theme Broad-based,Total,ARK,0.75,21000000000,1,0.1,-63.63,7.15,-7.84,-16.64,-10.6,72.45,38.86,43.2,0,Global,Equity
59,SCHB,Schwab U.S. Broad Market ETF,Equity: U.S. - Total Market,Total,Charles Schwab,0.03,20900000000,2,1.28,45.21,4.31,0.53,7.83,12.61,42.14,17.63,17.23,14.5,North America,Equity
60,QUAL,iShares MSCI USA Quality Factor ETF,Equity: U.S. - Total Market,Total,Blackrock,0.15,20400000000,2,1.48,31.86,6.25,1.26,9.72,11.71,35.18,17.15,16.44,0,North America,Equity
61,SHY,iShares 1-3 Year Treasury Bond ETF,"Fixed Income: U.S. - Government, Treasury Investment Grade Short-Term",Government,Blackrock,0.15,20400000000,2,0,0,0,0.05,0.04,0.02,0.14,2.66,1.62,1.09,North America,Fixed Income
62,SDY,SPDR S&P Dividend ETF,Equity: U.S. - High Dividend Yield,Total,State Street Global Advisors,0.35,20000000000,2,2.78,26.91,2.69,2.84,13.05,20,40.91,14.21,12.63,13.13,North America,Equity
63,EMB,iShares JP Morgan USD Emerging Markets Bond ETF,"Fixed Income: Emerging Markets - Government, Non-Native Currency",Government,Blackrock,0.39,19600000000,1,0,0,0,1.25,2.42,-1.99,7.99,6.03,4.88,5.02,Emerging Market,Fixed Income
64,XLY,Consumer Discretionary Select Sector SPDR Fund,Equity: U.S. Consumer Discretionary,Consumer Discretionary,State Street Global Advisors,0.12,19500000000,2,0.65,82.6,11.48,-4.03,5.49,6.97,36.88,18.65,18.15,17.5,North America,Equity
65,DVY,iShares Select Dividend ETF,Equity: U.S. - High Dividend Yield,Total,Blackrock,0.39,19200000000,2,3.72,26.09,2.11,2.92,14.05,27.64,50.24,11.72,11.76,12.55,North America,Equity
66,VGK,Vanguard FTSE Europe ETF,Equity: Developed Europe - Total Market,Total,Vanguard,0.08,19100000000,2,2.2,49.61,2.03,5.41,11.77,16,41.26,9.39,10.43,6.25,Europe,Equity
67,DGRO,iShares Core Dividend Growth ETF,Equity: U.S. - Total Market,Total,Blackrock,0.08,18900000000,2,2.13,23.63,3.8,1.7,10.81,13.88,36.35,16.33,15.99,0,North America,Equity
68,SCHP,Schwab U.S. TIPS ETF,"Fixed Income: U.S. - Government, Inflation-linked Investment Grade",Government,Charles Schwab,0.05,17600000000,2,0,0,0,1.26,2.41,1.14,6.91,6.56,4.4,3.32,North America,Fixed Income
69,IWN,iShares Russell 2000 Value ETF,Equity: U.S. - Small Cap Value,Total,Blackrock,0.24,17500000000,2,1.41,-39.53,1.85,5.77,11.24,30.69,80.47,11.26,14.06,11.16,North America,Equity
70,ESGU,iShares ESG Aware MSCI USA ETF,Equity: U.S. - Total Market,Total,Blackrock,0.15,17300000000,2,1.35,35.77,4.68,0.81,8.4,12.26,40.55,18.99,0,0,North America,Equity
71,JPST,JPMorgan Ultra-Short Income ETF,"Fixed Income: U.S. - Broad Market, Broad-based Investment Grade Ultra-Short Term",Broad,JPMorgan Chase,0.18,17000000000,2,0,0,0,0.1,0.15,0.21,1.3,2.37,0,0,North America,Fixed Income
72,ACWI,iShares MSCI ACWI ETF,Equity: Global - Total Market,Total,Blackrock,0.32,16900000000,1,1.67,33.56,2.93,1.92,7.51,11.43,38.94,13.73,14.45,9.96,Global,Equity
73,VXF,Vanguard Extended Market ETF,Equity: U.S. - Extended Market,Total,Vanguard,0.06,16700000000,2,0.83,-307.92,3.38,-0.07,2.35,12.08,59.75,17.51,17.84,13.78,North America,Equity
74,VLUE,iShares MSCI USA Value Factor ETF,Equity: U.S. - Total Market Value,Total,Blackrock,0.15,16500000000,2,2.35,26.08,2.09,3.6,11.01,24.87,50.44,11.31,14.25,0,North America,Equity
75,GDX,VanEck Vectors Gold Miners ETF,Equity: Global Gold Miners,Global Gold Miners,VanEck,0.52,16300000000,1,1.54,20.03,2.02,15.08,23.72,9.77,16.59,21.71,12.3,-2.89,Global,Equity
76,SLV,iShares Silver Trust,Commodities: Precious Metals Silver,Precious Metals Silver,Blackrock,0.5,16200000000,2,0,0,0,8.91,5.44,6.43,55.28,19.2,11.44,-2.96,Global,Commodities
77,SCHA,Schwab U.S. Small-Cap ETF,Equity: U.S. - Small Cap,Total,Charles Schwab,0.04,16100000000,2,0.94,-102.9,2.77,1.38,4.18,16.96,62.02,13.56,15.27,12.69,North America,Equity
78,VBK,Vanguard Small-Cap Growth ETF,Equity: U.S. - Small Cap Growth,Total,Vanguard,0.07,15300000000,2,0.43,559.5,5.53,-2.87,-2.6,3.37,40.58,17.06,18.02,13.47,North America,Equity
79,VMBS,Vanguard Mortgage-Backed Securities ETF,"Fixed Income: U.S. - Government, Mortgage-backed Investment Grade",Government,Vanguard,0.05,15000000000,2,0,0,0,-0.29,-0.43,-0.81,-0.67,3.75,2.3,2.46,North America,Fixed Income
80,VOE,Vanguard Mid-Cap Value ETF,Equity: U.S. - Mid Cap Value,Total,Vanguard,0.07,14700000000,2,1.94,72.2,2.5,3.23,12.25,22.8,52.31,12.25,12.64,12.22,North America,Equity
81,IWP,iShares Russell Mid-Cap Growth ETF,Equity: U.S. - Mid Cap Growth,Total,Blackrock,0.24,14700000000,2,0.45,87.44,11.31,-1.9,0.57,2.93,34.74,18.98,18.36,14.19,North America,Equity
82,MTUM,iShares MSCI USA Momentum Factor ETF,Equity: U.S. - Total Market,Total,Blackrock,0.15,14600000000,2,0.41,49.19,10.63,-0.62,3.87,6.17,35.99,16.63,19.48,0,North America,Equity
83,IWS,iShares Russell Mid-Cap Value ETF,Equity: U.S. - Mid Cap Value,Total,Blackrock,0.24,14400000000,2,1.58,64.2,2.64,2.6,11.16,21.55,53.48,12.43,12.06,11.75,North America,Equity
84,VHT,Vanguard Health Care ETF,Equity: U.S. Health Care,U.S. Health Care,Vanguard,0.1,14400000000,2,1.25,45.75,5.14,-0.99,4.33,5.72,21.8,15.87,13.95,15.61,North America,Equity
85,MINT,PIMCO Enhanced Short Maturity Active ETF,"Fixed Income: U.S. - Broad Market, Broad-based Investment Grade Short-Term",Broad,PIMCO,0.37,14400000000,1,0,0,0,0.09,0.09,0.15,1.52,2.02,1.96,1.44,North America,Fixed Income
86,VTIP,Vanguard Short-Term Inflation-Protected Securities ETF,"Fixed Income: U.S. - Government, Inflation-linked Investment Grade Short-Term",Government,Vanguard,0.05,14400000000,2,0,0,0,0.87,1.89,2.81,6.62,4.27,3,0,North America,Fixed Income
87,BIV,Vanguard Intermediate-Term Bond ETF,"Fixed Income: U.S. - Broad Market, Broad-based Investment Grade Intermediate",Broad,Vanguard,0.05,14400000000,1,0,0,0,0.69,-0.19,-2.57,-0.13,6.48,3.73,4.08,North America,Fixed Income
88,SCHG,Schwab U.S. Large-Cap Growth ETF,Equity: U.S. - Large Cap Growth,Total,Charles Schwab,0.04,14300000000,2,0.44,46.58,9.96,-1.85,5.76,6.89,39.3,22.87,21.89,17.04,North America,Equity
89,IUSB,iShares Core Total USD Bond Market ETF,"Fixed Income: U.S. - Broad Market, Broad-based",Broad,Blackrock,0.06,13900000000,2,0,0,0,0.33,0.01,-1.95,0.87,5.39,3.56,0,North America,Fixed Income
90,XLC,Communication Services Select Sector SPDR Fund,Equity: U.S. Communication Services,Communication Services,State Street Global Advisors,0.12,13800000000,2,0.8,36.35,4.24,0.7,8.07,16.68,44.35,0,0,0,North America,Equity
91,IEF,iShares 7-10 Year Treasury Bond ETF,"Fixed Income: U.S. - Government, Treasury Investment Grade Intermediate",Government,Blackrock,0.15,13400000000,2,0,0,0,0.52,-0.96,-4.29,-5.1,5.65,2.57,3.59,North America,Fixed Income
92,SPYV,SPDR Portfolio S&P 500 Value ETF,Equity: U.S. - Large Cap Value,Total,State Street Global Advisors,0.04,12900000000,2,2.07,38.19,2.85,2.8,11.45,18.35,38.78,13.73,13.09,12.01,North America,Equity
93,VTEB,Vanguard Tax-Exempt Bond ETF,"Fixed Income: U.S. - Government, Local Authority/Municipal Investment Grade",Government,Vanguard,0.06,12600000000,2,0,0,0,0.46,1.78,0.61,4.36,4.96,3.32,0,North America,Fixed Income
94,VGSH,Vanguard Short-Term Treasury Index ETF,"Fixed Income: U.S. - Government, Treasury Investment Grade Short-Term",Government,Vanguard,0.05,12500000000,2,0,0,0,0.06,0.06,0.07,0.21,2.75,1.71,1.16,North America,Fixed Income
95,TLT,iShares 20+ Year Treasury Bond ETF,"Fixed Income: U.S. - Government, Treasury Investment Grade Long-Term",Government,Blackrock,0.15,12400000000,1,0,0,0,0.21,-1.38,-11.59,-13.1,6.96,3.33,6.41,North America,Fixed Income
96,GSLC,Goldman Sachs ActiveBeta U.S. Large Cap Equity ETF,Equity: U.S. - Large Cap,Total,Goldman Sachs,0.09,12300000000,2,1.2,32.62,5.26,0.54,8.29,10.81,35.54,16.34,16.24,0,North America,Equity
97,BIL,SPDR Bloomberg Barclays 1-3 Month T-Bill ETF,"Fixed Income: U.S. - Government, Treasury Investment Grade Ultra-Short Term",Government,State Street Global Advisors,0.14,12100000000,2,0,0,0,-0.02,-0.02,-0.04,-0.06,1.17,0.97,0.45,North America,Fixed Income
98,FVD,First Trust Value Line Dividend Index Fund,Equity: U.S. - High Dividend Yield,Total,First Trust,0.7,11900000000,1,2.53,23.49,2.95,2.61,13.45,15.94,32.71,12.99,11.47,12.4,North America,Equity
99,IWO,iShares Russell 2000 Growth ETF,Equity: U.S. - Small Cap Growth,Total,Blackrock,0.24,11800000000,2,0.36,-101.45,5.78,-3.09,-4.78,3.72,46.89,13.96,17.06,13.2,North America,Equity
100,IWV,iShares Russell 3000 ETF,Equity: U.S. - Total Market,Total,Blackrock,0.2,11600000000,2,1.29,44.18,4.29,0.51,7.99,12.62,41.99,17.51,17.09,14.34,North America,Equity
101,SPDW,SPDR Portfolio Developed World ex-US ETF,Equity: Developed Markets Ex-U.S. - Total Market,Total,State Street Global Advisors,0.04,11600000000,2,2.16,40.51,1.8,4.28,8.26,12.59,39.04,9.25,10.92,6.33,Develop Market,Equity
102,IGIB,iShares 5-10 Year Investment Grade Corporate Bond ETF,"Fixed Income: U.S. - Corporate, Broad-based Investment Grade Intermediate",Corporate,Blackrock,0.06,11500000000,2,0,0,0,0.71,0.03,-2.08,3.41,7.44,4.81,4.08,North America,Fixed Income
103,XLU,Utilities Select Sector SPDR Fund,Equity: U.S. Utilities,Utilities,State Street Global Advisors,0.12,11500000000,2,3.08,27.14,2.3,-2.43,10.29,4.6,10.66,12.75,9.3,10.78,North America,Equity
104,XLP,Consumer Staples Select Sector SPDR Fund,Equity: U.S. Consumer Staples,Consumer Staples,State Street Global Advisors,0.12,11200000000,2,2.64,27.25,6.23,1.8,11.56,5.57,21.75,15.77,8.81,11.4,North America,Equity
105,VFH,Vanguard Financials ETF,Equity: U.S. Financials,Financials,Vanguard,0.1,11000000000,2,1.81,15.99,1.64,4.75,14.81,29.71,64.5,13.08,16.36,13.71,North America,Equity
106,IUSG,iShares Core S&P U.S. Growth ETF,Equity: U.S. - Total Market Growth,Total,Blackrock,0.04,10900000000,2,0.72,37.35,9.72,-1.38,6.71,7.98,37.44,19.88,19.94,16.06,North America,Equity
107,IEI,iShares 3-7 Year Treasury Bond ETF,"Fixed Income: U.S. - Government, Treasury Investment Grade Intermediate",Government,Blackrock,0.15,10800000000,2,0,0,0,0.37,-0.16,-1.37,-1.16,4.62,2.43,2.45,North America,Fixed Income
108,VOT,Vanguard Mid-Cap Growth ETF,Equity: U.S. - Mid Cap Growth,Total,Vanguard,0.07,10600000000,2,0.44,85.26,7.49,-1.02,2.03,5.28,36.7,19.11,17.52,13.51,North America,Equity
109,JNK,SPDR Bloomberg Barclays High Yield Bond ETF,"Fixed Income: U.S. - Corporate, Broad-based High Yield",Corporate,State Street Global Advisors,0.4,10500000000,1,0,0,0,0.45,1.39,1.8,10.72,6.28,6.38,5.06,North America,Fixed Income
110,SPYG,SPDR Portfolio S&P 500 Growth ETF,Equity: U.S. - Large Cap Growth,Total,State Street Global Advisors,0.04,10500000000,2,0.73,36.92,10.41,-1.2,7.06,7.89,37.13,20.37,20.17,16.55,North America,Equity
111,MGK,Vanguard Mega Cap Growth ETF,Equity: U.S. - Large Cap Growth,Total,Vanguard,0.07,10500000000,2,0.6,45.75,11.38,-1.64,6.62,7.29,39.35,23.38,22.2,17.56,North America,Equity
112,IUSV,iShares Core S&P U.S. Value ETF,Equity: U.S. - Total Market Value,Total,Blackrock,0.04,10300000000,2,2.04,38.25,2.79,2.89,11.49,18.92,40.55,13.69,13.19,12.07,North America,Equity
113,SPLG,SPDR Portfolio S&P 500 ETF,Equity: U.S. - Large Cap,Total,State Street Global Advisors,0.03,10200000000,2,1.38,37.61,4.56,0.8,9.14,12.87,38.81,17.64,17.15,14.52,North America,Equity
114,IBB,iShares Biotechnology ETF,Equity: U.S. Biotechnology,Biotechnology,Blackrock,0.46,10000000000,2,0.63,-111.68,5.88,-2.3,-3.3,-0.18,12.7,11.47,9.88,15.68,North America,Equity
115,FDN,First Trust Dow Jones Internet Index Fund,Equity: U.S. Internet,Internet,First Trust,0.51,9900000000,2,0.21,121.94,9.45,-0.94,0.3,6.81,36.98,18.35,25.13,20.15,North America,Equity
116,SCHV,Schwab U.S. Large-Cap Value ETF,Equity: U.S. - Large Cap Value,Total,Charles Schwab,0.04,9800000000,2,2.06,34.69,3.15,2.66,10.61,17.09,39.48,12.26,12.46,11.96,North America,Equity
117,XLB,Materials Select Sector SPDR Fund,Equity: U.S. Materials,Materials,State Street Global Advisors,0.12,9800000000,2,1.62,40.17,3.48,5.66,16.19,21.72,57.41,16.53,15.52,10.89,North America,Equity
118,SCHE,Schwab Emerging Markets Equity ETF,Equity: Emerging Markets - Total Market,Total,Charles Schwab,0.11,9700000000,2,1.95,21.08,2.05,4.28,3.13,9.66,43.27,10.06,13.34,4.15,Emerging Market,Equity
119,VSS,Vanguard FTSE All-World ex-US Small-Cap ETF,Equity: Global Ex-U.S. - Small Cap,Total,Vanguard,0.11,9600000000,2,1.92,146.34,1.62,3.8,8.66,14.03,47.39,7.77,10.65,5.87,Global Ex US,Equity
120,SCHM,Schwab U.S. Mid-Cap ETF,Equity: U.S. - Mid Cap,Total,Charles Schwab,0.04,9600000000,2,1.11,107.33,3.17,0.31,6.43,15.05,49.74,14.18,14.67,12.98,North America,Equity
121,IJS,iShares S&P Small-Cap 600 Value ETF,Equity: U.S. - Small Cap Value,Total,Blackrock,0.18,9600000000,2,1.52,-53.14,1.75,5.92,12.07,33.9,83.28,11.65,14.78,13.21,North America,Equity
122,IJJ,iShares S&P Mid-Cap 400 Value ETF,Equity: U.S. - Mid Cap Value,Total,Blackrock,0.18,9100000000,2,1.57,39.03,2.15,2.52,13.15,27.26,64.73,12.6,13.23,12.09,North America,Equity
123,SCHO,Schwab Short-Term U.S. Treasury ETF,"Fixed Income: U.S. - Government, Treasury Investment Grade Short-Term",Government,Charles Schwab,0.05,9000000000,2,0,0,0,0.07,0.08,0.06,0.23,2.75,1.7,1.15,North America,Fixed Income
124,EFAV,iShares MSCI EAFE Min Vol Factor ETF,Equity: Developed Markets Ex-North America - Total Market,Total,Blackrock,0.2,8800000000,1,2.67,32.37,2.09,2.94,5.97,4,14.96,4.28,5.79,0,Develop Market,Equity
125,SCHZ,Schwab U.S. Aggregate Bond ETF,"Fixed Income: U.S. - Broad Market, Broad-based Investment Grade",Broad,Charles Schwab,0.04,8800000000,2,0,0,0,0.27,-0.15,-2.34,-0.74,5.06,3.1,0,North America,Fixed Income
126,NOBL,ProShares S&P 500 Dividend Aristocrats ETF,Equity: U.S. - Large Cap,Total,ProShares,0.35,8600000000,2,2.33,29.99,3.86,2.84,13.42,16.43,39.47,16.58,14.06,0,North America,Equity
127,ARKG,ARK Genomic Revolution ETF,Equity: Global - Total Market,Total,ARK,0.75,8200000000,1,0.5,-57.31,4.74,-8.78,-15.52,-13.07,69.92,43.73,36.55,0,Global,Equity
128,IJK,iShares S&P Mid-Cap 400 Growth ETF,Equity: U.S. - Mid Cap Growth,Total,Blackrock,0.17,8200000000,2,0.63,46.22,4.63,-2.3,3.02,10.36,42.11,13.2,14.48,12.31,North America,Equity
129,SPLV,Invesco S&P 500 Low Volatility ETF,Equity: U.S. - Large Cap,Total,Invesco,0.25,8000000000,2,1.81,26.32,5.08,0.99,11.01,8.7,22.39,11.29,10.62,12,North America,Equity
130,FTCS,First Trust Capital Strength ETF,Equity: U.S. - Large Cap,Total,First Trust,0.56,8000000000,2,1.62,24.44,7.25,1.28,11.64,11.44,29.08,14.49,14.98,13.54,North America,Equity
131,USHY,iShares Broad USD High Yield Corporate Bond ETF,"Fixed Income: U.S. - Corporate, Broad-based High Yield",Corporate,Blackrock,0.15,7900000000,2,0,0,0,0.41,1.39,2.05,12.63,6.6,0,0,North America,Fixed Income
132,SPSB,SPDR Portfolio Short Term Corporate Bond ETF,"Fixed Income: U.S. - Corporate, Broad-based Investment Grade Short-Term",Corporate,State Street Global Advisors,0.07,7600000000,2,0,0,0,0.21,0.31,0.31,1.95,3.64,2.62,2.12,North America,Fixed Income
133,VGIT,Vanguard Intermediate-Term Treasury Index ETF,"Fixed Income: U.S. - Government, Treasury Investment Grade Intermediate",Government,Vanguard,0.05,7500000000,2,0,0,0,0.39,-0.29,-1.95,-1.93,4.91,2.53,2.73,North America,Fixed Income
134,IHI,iShares U.S. Medical Devices ETF,Equity: U.S. Health Care Equipment,Health Care Equipment,Blackrock,0.42,7400000000,2,0.61,47.9,5.49,-5.57,0.17,2.26,25.56,18.96,20.68,18.03,North America,Equity
135,OEF,iShares S&P 100 ETF,Equity: U.S. - Large Cap,Total,Blackrock,0.2,7300000000,2,1.41,33.41,5.02,0.33,8.71,11.36,37.65,18.59,17.57,14.83,North America,Equity
136,LMBS,First Trust Low Duration Opportunities ETF,"Fixed Income: U.S. - Broad Market, Asset-backed Short-Term",Broad,First Trust,0.68,7100000000,1,0,0,0,-0.06,-0.02,0.02,0.66,2.3,2.33,0,North America,Fixed Income
137,FNDX,Schwab Fundamental U.S. Large Company Index ETF,Equity: U.S. - Large Cap,Total,Charles Schwab,0.25,7100000000,2,1.98,66.31,2.69,4.18,13.35,23.84,53.3,16.8,15.66,0,North America,Equity
138,HDV,iShares Core High Dividend ETF,Equity: U.S. - High Dividend Yield,Total,Blackrock,0.08,7100000000,2,3.42,37.05,3.32,3.37,9.75,13.75,21.44,9.21,8.1,10.32,North America,Equity
139,FNDF,Schwab Fundamental International Large Company Index ETF,Equity: Developed Markets Ex-U.S. - Large Cap,Total,Charles Schwab,0.25,6800000000,2,2.62,86.58,1.19,6.11,10.05,18.58,47.58,7.92,10.57,0,Develop Market,Equity
140,SPIB,SPDR Portfolio Intermediate Term Corporate Bond ETF,"Fixed Income: U.S. - Corporate, Broad-based Investment Grade Intermediate",Corporate,State Street Global Advisors,0.07,6700000000,2,0,0,0,0.54,0.23,-0.97,3.22,5.99,4.07,3.85,North America,Fixed Income
141,XBI,SPDR S&P Biotech ETF,Equity: U.S. Biotechnology,Biotechnology,State Street Global Advisors,0.35,6700000000,2,0.08,-12.65,5.29,-6.87,-13.33,-9.59,20.84,9.74,16.51,18.24,North America,Equity
142,SOXX,iShares PHLX Semiconductor ETF,Equity: U.S. Semiconductors,Semiconductors,Blackrock,0.46,6600000000,2,1.19,32.54,7.34,2.86,4.22,14.7,71.29,33,37.04,23.91,North America,Equity
143,HYLB,Xtrackers USD High Yield Corporate Bond ETF,"Fixed Income: U.S. - Corporate, Broad-based High Yield",Corporate,Deutsche Bank,0.15,6600000000,1,0,0,0,0.02,1.01,1.33,9.42,6,0,0,North America,Fixed Income
144,IJT,iShares S&P Small-Cap 600 Growth ETF,Equity: U.S. - Small Cap Growth,Total,Blackrock,0.18,6300000000,2,0.62,57.14,3.88,0.79,2.94,15.41,58.91,12.8,16.27,13.8,North America,Equity
145,FLOT,iShares Floating Rate Bond ETF,"Fixed Income: U.S. - Broad Market, Broad-based Investment Grade Floating Rate",Broad,Blackrock,0.2,6300000000,1,0,0,0,0.13,0.05,0.32,1.55,1.86,1.88,0,North America,Fixed Income
146,VONG,Vanguard Russell 1000 Growth ETF,Equity: U.S. - Large Cap Growth,Total,Vanguard,0.08,6200000000,2,0.73,41.81,12.32,-1.75,5.59,6.11,37.94,22.31,21.8,17.11,North America,Equity
147,IDEV,iShares Core MSCI International Developed Markets ETF,Equity: Developed Markets Ex-U.S. - Total Market,Total,Blackrock,0.05,6100000000,1,2.24,40.54,1.83,4.52,8.54,12.85,37.45,9.1,0,0,Develop Market,Equity
148,VCR,Vanguard Consumer Discretionary ETF,Equity: U.S. Consumer Discretionary,Consumer Discretionary,Vanguard,0.1,6000000000,2,0.57,112.34,8.88,-3.19,5.77,10.52,59.1,24.01,21.28,18.54,North America,Equity
149,PDBC,Invesco Optimum Yield Diversified Commodity Strategy No K-1 ETF,Commodities: Broad Market,Broad,Invesco,0.59,6000000000,1,0,0,0,6.28,14.65,29.75,58.03,2.75,5.41,0,Global,Commodities
150,MOAT,VanEck Vectors Morningstar Wide Moat ETF,Equity: U.S. - Total Market,Total,VanEck,0.47,5900000000,2,1.81,36.2,4.16,1.65,10.59,18.37,41.31,21.44,18.68,0,North America,Equity
151,ICLN,iShares Global Clean Energy ETF,Equity: Global Renewable Energy,Renewable Energy,Blackrock,0.46,5900000000,1,1.57,133.08,2.92,-3.18,-13.36,-20.33,84.94,34.64,23.01,5.83,Global,Equity
152,SKYY,First Trust Cloud Computing ETF,Equity: U.S. Software & Services,Software & Services,First Trust,0.6,5800000000,1,0.7,268.63,7.05,-1.92,-2.54,3.93,37.75,23.62,26.5,0,North America,Equity
153,ESGD,iShares ESG Aware MSCI EAFE ETF,Equity: Developed Markets Ex-North America - Total Market,Total,Blackrock,0.2,5800000000,1,2.26,41.25,1.86,4.52,8.35,11.75,36.05,9.02,0,0,Develop Market,Equity
154,KRE,SPDR S&P Regional Banking ETF,Equity: U.S. Regional Banks,Regional Banks,State Street Global Advisors,0.35,5800000000,2,2.21,15.35,1.46,3.23,7.67,36.59,89.64,6.3,13.53,13.25,North America,Equity
155,VONV,Vanguard Russell 1000 Value ETF,Equity: U.S. - Large Cap Value,Total,Vanguard,0.08,5800000000,2,1.9,36.94,2.74,2.76,11.1,18.98,42.78,12.73,12.24,11.7,North America,Equity
156,USIG,iShares Broad USD Investment Grade Corporate Bond ETF,"Fixed Income: U.S. - Corporate, Broad-based Investment Grade",Corporate,Blackrock,0.04,5700000000,2,0,0,0,0.63,0.36,-2.71,3.31,6.92,4.69,4.58,North America,Fixed Income
157,VDC,Vanguard Consumer Staples ETF,Equity: U.S. Consumer Staples,Consumer Staples,Vanguard,0.1,5700000000,2,2.47,28.26,5.7,2.07,11.39,7.09,24.96,15.69,9.1,11.56,North America,Equity
158,SPAB,SPDR Portfolio Aggregate Bond ETF,"Fixed Income: U.S. - Broad Market, Broad-based Investment Grade",Broad,State Street Global Advisors,0.04,5700000000,2,0,0,0,0.29,-0.13,-2.37,-0.59,5.05,3.1,3.17,North America,Fixed Income
159,VIS,Vanguard Industrials ETF,Equity: U.S. Industrials,Industrials,Vanguard,0.1,5600000000,2,1.16,79.78,5.31,2.6,12.06,18.65,56.94,14.36,15.52,13.46,North America,Equity
160,SMH,VanEck Vectors Semiconductor ETF,Equity: Global Semiconductors,Semiconductors,VanEck,0.35,5600000000,2,1.12,32.38,7.61,3,4.04,14.59,75.52,33.53,36.11,0,Global,Equity
161,GUNR,FlexShares Morningstar Global Upstream Natural Resources Index Fund,Equity: Global Natural Resources,Natural Resources,Northern Trust,0.46,5600000000,1,3.18,67.71,1.82,7.33,11.61,25.06,47.56,8.89,12.94,0,Global,Equity
162,VOOG,Vanguard S&P 500 Growth ETF,Equity: U.S. - Large Cap Growth,Total,Vanguard,0.1,5500000000,2,0.73,36.92,10.42,-1.2,7.04,7.91,37.22,20.3,20.12,16.58,North America,Equity
163,FTEC,Fidelity MSCI Information Technology Index ETF,Equity: U.S. Information Technology,Information Technology,Fidelity,0.08,5500000000,2,0.77,40.58,10.28,-1.04,3.25,5.62,42.42,26.3,28.5,0,North America,Equity
164,VPL,Vanguard FTSE Pacific ETF,Equity: Developed Asia-Pacific - Total Market,Total,Vanguard,0.08,5400000000,2,2.11,28.62,1.47,2.2,2.76,5.46,33.16,7.45,11.34,7.16,Asia Pacific,Equity
165,ICSH,BlackRock Ultra Short-Term Bond ETF,"Fixed Income: U.S. - Broad Market, Broad-based Investment Grade Ultra-Short Term",Broad,Blackrock,0.08,5400000000,2,0,0,0,0.01,0.1,0.16,0.64,2.14,1.86,0,North America,Fixed Income
166,SRLN,SPDR Blackstone Senior Loan ETF,"Fixed Income: Global - Corporate, Broad-based High Yield Floating Rate","Corporate, Broad",State Street Global Advisors,0.7,5300000000,1,0,0,0,1.12,1.54,2.81,11.34,4.46,4.44,0,Global,Fixed Income
167,STIP,iShares 0-5 Year TIPS Bond ETF,"Fixed Income: U.S. - Government, Inflation-linked Investment Grade Short-Term",Government,Blackrock,0.05,5300000000,2,0,0,0,0.85,1.94,2.98,6.67,4.38,3.05,1.65,North America,Fixed Income
168,VTWO,Vanguard Russell 2000 ETF,Equity: U.S. - Small Cap,Total,Vanguard,0.1,5300000000,2,0.91,-55.96,2.75,1.5,3.22,16.71,63.77,13.3,16.06,12.41,North America,Equity
169,ISTB,iShares Core 1-5 Year USD Bond ETF,"Fixed Income: U.S. - Broad Market, Broad-based Short-Term",Broad,Blackrock,0.06,5300000000,2,0,0,0,0.28,0.29,0.18,2.02,4.02,2.76,0,North America,Fixed Income
170,VDE,Vanguard Energy ETF,Equity: U.S. Energy,Energy,Vanguard,0.1,5300000000,2,3.88,-9.93,1.73,13.12,14.64,50.42,50.49,-6.34,-0.35,-0.73,North America,Equity
171,PRF,Invesco FTSE RAFI U.S. 1000 ETF,Equity: U.S. - Large Cap,Total,Invesco,0.39,5300000000,2,2.05,49.54,2.58,3.3,12.88,22.92,51.04,15.37,14.78,13.13,North America,Equity
172,ACWV,iShares MSCI Global Min Vol Factor ETF,Equity: Global - Total Market,Total,Blackrock,0.2,5200000000,1,2.21,26.61,2.88,1.9,8.4,6.56,17.23,9.53,9.34,0,Global,Equity
173,VNQI,Vanguard Global ex-U.S. Real Estate ETF,Equity: Global Ex-US Real Estate,Total,Vanguard,0.12,5100000000,1,3.44,36.86,0.99,4.62,8.18,10.07,26.29,3.91,6.67,5.63,Global Ex US,Equity
174,FIXD,First Trust TCW Opportunistic Fixed Income ETF,"Fixed Income: Global - Broad Market, Broad-based",Broad Market,Grace Partners of Dupage LP,0.56,5100000000,1,0,0,0,0.4,0.03,-1.77,0.95,5.84,0,0,Global,Fixed Income
175,IYR,iShares U.S. Real Estate ETF,Equity: U.S. Real Estate,Real Estate,Blackrock,0.42,5100000000,1,2.81,43.14,3.16,3.83,19.15,20.83,32.11,12.87,9.15,9.34,North America,Equity
176,SPTM,SPDR Portfolio S&P 1500 Composite Stock Market ETF,Equity: U.S. - Total Market,Total,State Street Global Advisors,0.03,5000000000,2,1.35,38.78,4.29,0.97,9.11,13.54,40.52,17.17,17.05,14.32,North America,Equity
177,XSOE,WisdomTree Emerging Markets ex-State-Owned Enterprises Fund,Equity: Emerging Markets - Total Market,Total,WisdomTree,0.32,4900000000,1,1.38,26.1,2.61,3.33,0.64,7.31,48.85,12.6,17.14,0,Emerging Market,Equity
178,SPMD,SPDR Portfolio S&P 400 Mid Cap ETF,Equity: U.S. - Mid Cap,Total,State Street Global Advisors,0.05,4800000000,2,1.13,42.09,2.87,0.25,8.21,18.89,53.51,12.89,14.72,12.16,North America,Equity
179,SUB,iShares Short-Term National Muni Bond ETF,"Fixed Income: U.S. - Government, Local Authority/Municipal Investment Grade Short-Term",Government,Blackrock,0.07,4700000000,2,0,0,0,0.04,0.38,0.09,0.93,2.37,1.52,1.2,North America,Fixed Income
180,SJNK,SPDR Bloomberg Barclays Short Term High Yield Bond ETF,"Fixed Income: U.S. - Corporate, Broad-based High Yield Short-Term",Corporate,State Street Global Advisors,0.4,4700000000,1,0,0,0,0.4,1.85,3.37,13.6,5.72,6.23,0,North America,Fixed Income
181,SHM,SPDR Nuveen Bloomberg Barclays Short Term Municipal Bond ETF,"Fixed Income: U.S. - Government, Local Authority/Municipal Investment Grade Short-Term",Government,State Street Global Advisors,0.2,4700000000,2,0,0,0,0.01,0.44,-0.08,0.41,2.5,1.51,1.42,North America,Fixed Income
182,NEAR,BlackRock Short Maturity Bond ETF,"Fixed Income: Global - Broad Market, Broad-based Investment Grade Short-Term",Broad Market,Blackrock,0.25,4700000000,2,0,0,0,0.13,0.16,0.38,1.98,2.09,1.87,0,Global,Fixed Income
183,VPU,Vanguard Utilities ETF,Equity: U.S. Utilities,Utilities,Vanguard,0.1,4700000000,2,3.01,31.13,2.21,-2.29,10,4.55,10.55,11.62,9.18,10.8,North America,Equity
184,FNDE,Schwab Fundamental Emerging Markets Large Company Index ETF,Equity: Emerging Markets - Large Cap,Total,Charles Schwab,0.39,4700000000,1,3.46,15.47,1.06,6.26,10.39,17.66,44.25,7.37,13.45,0,Emerging Market,Equity
185,IEUR,iShares Core MSCI Europe ETF,Equity: Developed Europe - Total Market,Total,Blackrock,0.09,4600000000,1,2.2,49.22,2.05,5.13,11.7,15.97,41.1,9.29,10.37,0,Europe,Equity
186,ANGL,VanEck Vectors Fallen Angel High Yield Bond ETF,"Fixed Income: U.S. - Corporate, Broad-based High Yield",Corporate,VanEck,0.35,4600000000,1,0,0,0,0.74,1.36,2.17,19.31,9.41,9.47,0,North America,Fixed Income
187,FNDA,Schwab Fundamental U.S. Small Company Index ETF,Equity: U.S. - Small Cap,Total,Charles Schwab,0.25,4600000000,2,1.26,-23.65,2.27,6.63,11.63,29.29,75.59,13.4,14.88,0,North America,Equity
188,SPYD,SPDR Portfolio S&P 500 High Dividend ETF,Equity: U.S. - Large Cap,Total,State Street Global Advisors,0.07,4600000000,2,3.94,41,1.77,5.32,14.78,30.7,55.82,10.35,10.57,0,North America,Equity
189,GLDM,SPDR Gold MiniShares Trust,Commodities: Precious Metals Gold,Precious Metals Gold,State Street Global Advisors,0.18,4600000000,2,0,0,0,7.9,10.09,0.26,10.15,0,0,0,Global,Commodities
190,FTSM,First Trust Enhanced Short Maturity ETF,"Fixed Income: U.S. - Broad Market, Broad-based Short-Term",Broad,First Trust,0.25,4500000000,2,0,0,0,0.03,0.03,0.07,0.84,1.7,1.62,0,North America,Fixed Income
191,RDVY,First Trust Rising Dividend Achievers ETF,Equity: U.S. - Large Cap,Total,First Trust,0.5,4500000000,2,1.59,15.94,2.78,2.62,12.56,22.88,62.08,19.2,20.2,0,North America,Equity
192,IXN,iShares Global Tech ETF,Equity: Global Information Technology,Information Technology,Blackrock,0.46,4500000000,1,0.94,34.6,7.58,-0.56,4.13,6.86,44.6,24.73,27.64,19.14,Global,Equity
193,ESGV,Vanguard ESG U.S. Stock ETF,Equity: U.S. - Total Market,Total,Vanguard,0.12,4400000000,2,1.16,35.29,4.78,-0.12,7.37,11.01,41.47,0,0,0,North America,Equity
194,MGV,Vanguard Mega Cap Value ETF,Equity: U.S. - Large Cap Value,Total,Vanguard,0.07,4400000000,2,2.3,25.96,2.9,3.04,11.22,17.2,37.71,13.27,13.49,12.51,North America,Equity
195,XOP,SPDR S&P Oil & Gas Exploration & Production ETF,"Equity: U.S. Oil, Gas & Consumable Fuels","Oil, Gas & Consumable Fuels",State Street Global Advisors,0.35,4300000000,2,1.8,-3.59,1.58,20.14,17.83,65.42,78.52,-15.47,-6.4,-7.35,North America,Equity
196,SPSM,SPDR Portfolio S&P 600 Small Cap ETF,Equity: U.S. - Small Cap,Total,State Street Global Advisors,0.05,4300000000,2,1.11,-778.41,2.32,3.55,7.84,24.8,71.82,13.23,16.07,0,North America,Equity
197,BOND,PIMCO Active Bond ETF,"Fixed Income: Global - Broad Market, Broad-based",Broad,PIMCO,0.57,4200000000,1,0,0,0,0.2,-0.14,-1.62,2.79,5.52,3.98,0,Global,Fixed Income
198,SLYV,SPDR S&P 600 Small Cap Value ETF,Equity: U.S. - Small Cap Value,Total,State Street Global Advisors,0.15,4100000000,2,1.53,-56.72,1.72,6.01,12.15,34.1,83.61,11.83,15.95,12.59,North America,Equity
199,ONEQ,Fidelity NASDAQ Composite Index ETF,Equity: U.S. - Total Market,Total,Fidelity,0.21,4000000000,2,0,0,0,-1.73,3.23,6.6,43.86,23.23,23.67,18.57,North America,Equity
200,DBEF,Xtrackers MSCI EAFE Hedged Equity ETF,Equity: Developed Markets Ex-North America - Total Market,Total,Deutsche Bank,0.36,3900000000,1,2.25,36.98,1.85,3.13,7.95,12.67,26.77,8.71,10.8,0,Develop Market,Equity
201,VAW,Vanguard Materials ETF,Equity: U.S. Materials,Materials,Vanguard,0.1,3900000000,2,1.5,42.85,3.38,5.95,16.86,22.94,60.66,14.95,15.25,10.74,North America,Equity
202,VOX,Vanguard Communication Services ETF,Equity: U.S. Communication Services,Communication Services,Vanguard,0.1,3900000000,2,0.8,87.95,4.17,0.45,6.74,16.1,48.16,20.14,10.91,9.96,North America,Equity
203,MGC,Vanguard Mega Cap ETF,Equity: U.S. - Large Cap,Total,Vanguard,0.07,3800000000,2,1.35,34.23,4.97,0.47,8.64,11.64,38.87,18.54,17.88,15.02,North America,Equity
204,PAVE,Global X U.S. Infrastructure Development ETF,Equity: U.S. Infrastructure,Infrastructure,"Mirae Asset Global Investments Co., Ltd.",0.47,3800000000,1,0.99,41.02,3.69,2.83,13.9,25.18,76.74,17.64,0,0,North America,Equity
205,KBE,SPDR S&P Bank ETF,Equity: U.S. Financials,Financials,State Street Global Advisors,0.35,3700000000,2,2.12,10.73,1.39,2.48,7.02,32.23,77.63,6.39,12.77,10.85,North America,Equity
206,IAGG,iShares Core International Aggregate Bond ETF,"Fixed Income: Global Ex-U.S. - Broad Market, Broad-based Investment Grade",Broad,Blackrock,0.08,3700000000,1,0,0,0,0.16,-0.27,-2.28,0.28,4.13,3.29,0,Global Ex US,Fixed Income
207,VIGI,Vanguard International Dividend Appreciation ETF,Equity: Global Ex-U.S. - Total Market,Total,Vanguard,0.2,3700000000,1,1.59,26.54,3.68,3.85,5.55,8.03,33.12,11.64,11.49,0,Global Ex US,Equity
208,ARKF,ARK Fintech Innovation ETF,Equity: Global FinTech,FinTech,ARK,0.75,3600000000,1,0.12,149.54,7.49,-3.81,-11.95,1.11,72.47,0,0,0,Global,Equity
209,SPMB,SPDR Portfolio Mortgage Backed Bond ETF,"Fixed Income: U.S. - Government, Mortgage-backed Investment Grade",Government,State Street Global Advisors,0.04,3600000000,2,0,0,0,-0.23,-0.5,-1.04,-0.95,3.87,2.18,2.4,North America,Fixed Income
210,CIBR,First Trust NASDAQ Cybersecurity ETF,Equity: Global Cybersecurity,Cybersecurity,First Trust,0.6,3600000000,1,0.68,80.85,7.98,1.04,3.71,0.25,34.06,19.33,20.84,0,Global,Equity
211,SCHC,Schwab International Small-Cap Equity ETF,Equity: Developed Markets Ex-U.S. - Small Cap,Total,Charles Schwab,0.11,3600000000,2,1.87,239.2,1.56,4.16,9.37,13.78,45.86,7.49,10.1,6.1,Develop Market,Equity
212,IWY,iShares Russell Top 200 Growth ETF,Equity: U.S. - Large Cap Growth,Total,Blackrock,0.2,3600000000,2,0.79,37.56,12.57,-1.57,6.59,6.69,38.36,23.1,22.65,18.02,North America,Equity
213,USSG,Xtrackers MSCI U.S.A. ESG Leaders Equity ETF,Equity: U.S. - Total Market,Total,Deutsche Bank,0.1,3500000000,2,1.36,35.31,5.69,0.57,9.46,13.47,38.15,0,0,0,North America,Equity
214,TFI,SPDR Nuveen Bloomberg Barclays Municipal Bond ETF,"Fixed Income: U.S. - Government, Local Authority/Municipal Investment Grade",Government,State Street Global Advisors,0.23,3500000000,1,0,0,0,0.35,1.63,-0.14,2.59,4.96,3.15,4.03,North America,Fixed Income
215,SUSL,iShares ESG MSCI USA Leaders ETF,Equity: U.S. - Total Market,Total,Blackrock,0.1,3400000000,2,1.36,35.31,5.69,0.76,9.17,13.22,37.88,0,0,0,North America,Equity
216,SPTL,SPDR Portfolio Long Term Treasury ETF,"Fixed Income: U.S. - Government, Treasury Investment Grade Long-Term",Government,State Street Global Advisors,0.06,3400000000,2,0,0,0,0.08,-1.43,-11.34,-12.86,7.02,3.35,5.99,North America,Fixed Income
217,IQLT,iShares MSCI Intl Quality Factor ETF,Equity: Developed Markets Ex-U.S. - Total Market,Total,Blackrock,0.3,3300000000,1,2.33,27.34,3.2,3.84,9.24,10.71,36.25,12.37,11.81,0,Develop Market,Equity
218,SPTS,SPDR Portfolio Short Term Treasury ETF,"Fixed Income: U.S. - Government, Treasury Investment Grade Short-Term",Government,State Street Global Advisors,0.06,3300000000,2,0,0,0,0.13,0.11,0.01,0.24,2.8,1.59,0,North America,Fixed Income
219,QTEC,First Trust NASDAQ-100 Technology Sector Index Fund,Equity: U.S. Information Technology,Information Technology,First Trust,0.57,3300000000,1,0.59,46.55,10.63,-0.93,1.19,6.77,42.14,23.36,28.31,19.69,North America,Equity
220,SCHR,Schwab Intermediate-Term U.S. Treasury ETF,"Fixed Income: U.S. - Government, Treasury Investment Grade Intermediate",Government,Charles Schwab,0.05,3300000000,2,0,0,0,0.43,-0.31,-1.96,-1.93,4.92,2.51,2.74,North America,Fixed Income
221,IOO,iShares Global 100 ETF,Equity: Global - Large Cap,Total,Blackrock,0.4,3200000000,1,1.84,32.33,3.42,1.39,7.93,11.57,37.4,16.73,16.56,10.76,Global,Equity
222,TOTL,SPDR DoubleLine Total Return Tactical ETF,"Fixed Income: Global - Broad Market, Broad-based",Broad Market,State Street Global Advisors,0.55,3200000000,1,0,0,0,-0.04,-0.22,-0.98,0.61,3.78,2.72,0,Global,Fixed Income
223,RPV,Invesco S&P 500 Pure Value ETF,Equity: U.S. - Large Cap Value,Total,Invesco,0.35,3100000000,2,2.35,28.7,1.35,6.17,14.93,33.52,70.96,9.83,11.91,12.35,North America,Equity
224,SPHD,Invesco S&P 500 High Dividend Low Volatility ETF,Equity: U.S. - Large Cap,Total,Invesco,0.3,3100000000,1,4.29,35.85,2.46,3.4,14.36,21.97,38.18,8.43,8.35,0,North America,Equity
225,SUSA,iShares MSCI USA ESG Select ETF,Equity: U.S. - Total Market,Total,Blackrock,0.25,3100000000,2,1.36,35.77,5.23,1.18,9.48,13.59,42.86,19.89,18.23,14.28,North America,Equity
226,DSI,iShares MSCI KLD 400 Social ETF,Equity: U.S. - Total Market,Total,Blackrock,0.25,3100000000,2,1.32,38.54,5.67,0.92,9.17,13.52,39.64,18.43,17.46,14.47,North America,Equity
227,DON,WisdomTree U.S. MidCap Dividend Fund,Equity: U.S. - Mid Cap,Total,WisdomTree,0.38,3100000000,1,2.51,26.29,2.39,3.08,13.17,24.71,52.71,9.39,10.54,12.01,North America,Equity
228,REET,iShares Global REIT ETF,Equity: Global REITs,REITs,Blackrock,0.14,3100000000,2,3.33,-237.61,1.69,3.93,14.85,19.36,36.75,8.39,6.03,0,Global,Equity
229,IGF,iShares Global Infrastructure ETF,Equity: Global Infrastructure,Infrastructure,Blackrock,0.46,3100000000,1,2.96,83.91,2.23,1.72,8.51,8.53,19.87,6.71,6.77,5.77,Global,Equity
230,XLRE,Real Estate Select Sector SPDR Fund,Equity: U.S. Real Estate,Real Estate,State Street Global Advisors,0.12,3100000000,2,2.51,57.67,4.07,4.3,21.27,23.22,30.1,16.1,10.79,0,North America,Equity
231,ITA,iShares U.S. Aerospace & Defense ETF,Equity: U.S. Aerospace & Defense,Aerospace & Defense,Blackrock,0.42,3000000000,2,1.14,-175.35,4.68,4.77,13.61,18.1,35.22,4.87,13.64,14.99,North America,Equity
232,GSY,Invesco Ultra Short Duration ETF,"Fixed Income: Global - Broad Market, Broad-based Investment Grade Ultra-Short Term",Broad,Invesco,0.22,2900000000,2,0,0,0,0.05,0.03,-0.05,0.9,2.1,2.03,1.57,Global,Fixed Income
233,SPTI,SPDR Portfolio Intermediate Term Treasury ETF,"Fixed Income: U.S. - Government, Treasury Investment Grade Intermediate",Government,State Street Global Advisors,0.06,2900000000,2,0,0,0,0.39,-0.28,-1.91,-1.97,4.94,2.72,2.34,North America,Fixed Income
234,IXJ,iShares Global Healthcare ETF,Equity: Global Health Care,Health Care,Blackrock,0.46,2900000000,1,1.73,32.79,4.68,0.97,6.31,5.06,16.06,14.11,11.27,12.63,Global,Equity
235,ARKQ,ARK Autonomous Technology & Robotics ETF,Equity: Global Robotics & AI,Robotics & AI,ARK,0.75,2900000000,1,0.34,123.44,5.19,-1.81,-5.55,7.64,80.21,35.27,34.78,0,Global,Equity
236,VNLA,Janus Henderson Short Duration Income ETF,"Fixed Income: Global - Broad Market, Broad-based Short-Term",Broad,Janus Henderson,0.26,2900000000,1,0,0,0,0.19,0.21,-0.11,1.4,2.71,0,0,Global,Fixed Income
237,VWOB,Vanguard Emerging Markets Government Bond ETF,"Fixed Income: Emerging Markets - Government, Non-Native Currency",Government,Vanguard,0.25,2800000000,1,0,0,0,1.34,2.05,-1.99,7.48,6.25,5.1,0,Emerging Market,Fixed Income
238,ITB,iShares U.S. Home Construction ETF,Equity: U.S. Housing,Housing,Blackrock,0.42,2800000000,2,0.68,15.72,3.14,-3.48,15.08,26.8,61.71,22.99,21.3,19.08,North America,Equity
239,KBWB,Invesco KBW Bank ETF,Equity: U.S. Banks,Banks,Invesco,0.35,2700000000,2,2.31,14.44,1.4,5.42,15.83,38.01,79.23,10.38,15.98,0,North America,Equity
240,FNDC,Schwab Fundamental International Small Company Index ETF,Equity: Developed Markets Ex-U.S. - Small Cap,Total,Charles Schwab,0.39,2700000000,1,2.03,-72.15,1.23,4.58,10.13,16.25,46.2,6.57,10.28,0,Develop Market,Equity
241,SPHQ,Invesco S&P 500 Quality ETF,Equity: U.S. - Large Cap,Total,Invesco,0.15,2600000000,2,1.32,32.08,7.21,1.6,7.87,10.72,32.15,16.93,15.13,14.59,North America,Equity
242,FEZ,SPDR Euro STOXX 50 ETF,Equity: Developed Europe - Large Cap,Total,State Street Global Advisors,0.29,2600000000,2,1.93,46.4,2.14,5.25,12.93,17.29,44.09,9.84,10.7,5.16,Europe,Equity
243,VYMI,Vanguard International High Dividend Yield ETF,Equity: Global Ex-U.S. - High Dividend Yield,Total,Vanguard,0.27,2600000000,1,3.67,19.23,1.32,5.74,10.27,17.09,41.64,7.18,9.17,0,Global Ex US,Equity
244,FHLC,Fidelity MSCI Health Care Index ETF,Equity: U.S. Health Care,Health Care,Fidelity,0.08,2500000000,2,1.25,45.73,5.14,-0.88,4.34,5.66,21.77,15.84,13.93,0,North America,Equity
245,RYT,Invesco S&P 500 Equal Weight Technology ETF,Equity: U.S. Information Technology,Information Technology,Invesco,0.4,2500000000,2,0.96,50.86,6.83,0.96,5.82,10.63,43.76,21.6,25.25,18.58,North America,Equity
246,RPG,Invesco S&P 500 Pure Growth ETF,Equity: U.S. - Large Cap Growth,Total,Invesco,0.35,2500000000,2,0.26,37.02,10.19,-1.51,2.5,4.38,33.38,14.31,16.37,14.44,North America,Equity
247,XME,SPDR S&P Metals & Mining ETF,Equity: U.S. Metals & Mining,Metals & Mining,State Street Global Advisors,0.35,2500000000,2,1.05,-28.79,2.38,16.31,24.58,41.01,124.24,9.66,18.27,-2.26,North America,Equity
248,SGOL,Aberdeen Standard Physical Gold Shares ETF,Commodities: Precious Metals Gold,Precious Metals Gold,Aberdeen Standard Investments,0.17,2500000000,2,0,0,0,8.01,10.22,0.33,10.28,13.64,9.24,1.88,Global,Commodities
249,IYH,iShares U.S. Healthcare ETF,Equity: U.S. Health Care,Health Care,Blackrock,0.43,2500000000,2,1.35,36.13,5.08,-0.55,5.66,6.64,20.37,15.46,13.26,15.15,North America,Equity
250,BOTZ,Global X Robotics & Artificial Intelligence ETF,Equity: Developed Markets Robotics & AI,Robotics & AI,"Mirae Asset Global Investments Co., Ltd.",0.68,2500000000,1,0.7,44.5,3.94,0.32,0.94,3.97,46.24,14.64,0,0,Develop Market,Equity
251,IYE,iShares U.S. Energy ETF,Equity: U.S. Energy,Energy,Blackrock,0.42,2500000000,2,4.05,-11.74,1.8,11.77,13.65,46.55,44.26,-6.8,-0.84,-0.8,North America,Equity
252,QCLN,First Trust NASDAQ Clean Edge Green Energy Index Fund,Equity: U.S. Renewable Energy,Renewable Energy,First Trust,0.6,2500000000,1,0.49,386.78,4.81,-2.98,-14.23,-10.41,127.87,47.4,34.97,15.86,North America,Equity
253,FXL,First Trust Technology AlphaDEX Fund,Equity: U.S. Information Technology,Information Technology,First Trust,0.61,2400000000,1,0.68,46.65,5.38,0.46,1.51,6.28,48.38,27.29,29.17,17.78,North America,Equity
254,SPIP,SPDR Portfolio TIPS ETF,"Fixed Income: U.S. - Government, Inflation-linked Investment Grade",Government,State Street Global Advisors,0.12,2400000000,2,0,0,0,1.17,2.4,0.68,6.75,6.62,4.45,3.36,North America,Fixed Income
255,MDYV,SPDR S&P 400 Mid Cap Value ETF,Equity: U.S. - Mid Cap Value,Total,State Street Global Advisors,0.15,2400000000,2,1.57,39.01,2.15,2.52,13.09,27.19,64.84,12.74,13.41,12.1,North America,Equity
256,IGLB,iShares 10+ Year Investment Grade Corporate Bond ETF,"Fixed Income: U.S. - Corporate, Broad-based Investment Grade Long-Term",Corporate,Blackrock,0.06,2400000000,2,0,0,0,0.82,0.54,-5.95,2.73,9.2,6.53,6.64,North America,Fixed Income
257,FLRN,SPDR Bloomberg Barclays Investment Grade Floating Rate ETF,"Fixed Income: U.S. - Broad Market, Broad-based Investment Grade Floating Rate",Broad,State Street Global Advisors,0.15,2400000000,2,0,0,0,0.14,0.08,0.35,1.56,1.85,1.89,0,North America,Fixed Income
258,VONE,Vanguard Russell 1000 ETF,Equity: U.S. - Large Cap,Total,Vanguard,0.08,2300000000,2,1.32,39.21,4.48,0.51,8.18,12.28,40.83,17.97,17.29,14.56,North America,Equity
259,BSCM,Invesco BulletShares 2022 Corporate Bond ETF,"Fixed Income: U.S. - Corporate, Broad-based Investment Grade Short-Term",Corporate,Invesco,0.1,2300000000,1,0,0,0,0.14,0.09,-0.23,0.19,3.87,2.91,0,North America,Fixed Income
260,PZA,Invesco National AMT-Free Municipal Bond ETF,"Fixed Income: U.S. - Government, Local Authority/Municipal Investment Grade",Government,Invesco,0.28,2300000000,1,0,0,0,0.9,2.58,0.77,4.76,5.23,3.63,5.04,North America,Fixed Income
261,VOOV,Vanguard S&P 500 Value ETF,Equity: U.S. - Large Cap Value,Total,Vanguard,0.1,2300000000,2,2.07,38.22,2.85,2.9,11.35,18.26,38.68,13.62,12.88,11.97,North America,Equity
262,IYG,iShares U.S. Financial Services ETF,Equity: U.S. Financials,Financials,Blackrock,0.42,2300000000,2,1.66,17.92,2.22,4,13.37,27.04,57.67,14.59,18.64,15.06,North America,Equity
263,OIH,VanEck Vectors Oil Services ETF,Equity: Global Energy Equipment & Services,Energy Equipment & Services,VanEck,0.35,2300000000,1,1.23,-10.06,1.22,8.18,65.43,56.01,93.73,-22.29,-13.7,0,Global,Equity
264,GVI,iShares Intermediate Government/Credit Bond ETF,"Fixed Income: U.S. - Broad Market, Broad-based Investment Grade Intermediate",Broad,Blackrock,0.2,2300000000,2,0,0,0,0.41,0.04,-1.12,0.27,4.54,2.71,2.53,North America,Fixed Income
265,ICF,iShares Cohen & Steers REIT ETF,Equity: U.S. REITs,REITs,Blackrock,0.34,2300000000,2,2.68,59.62,3.68,4.36,20.68,21.91,29.94,13.55,8.19,9.44,North America,Equity
266,GNR,SPDR S&P Global Natural Resources ETF,Equity: Global Natural Resources,Natural Resources,State Street Global Advisors,0.4,2300000000,1,3.33,316.36,1.72,8.54,12.3,26.52,53.1,6.61,12.56,2.27,Global,Equity
267,BAB,Invesco Taxable Municipal Bond ETF,"Fixed Income: U.S. - Government, Local Authority/Municipal Investment Grade",Government,Invesco,0.28,2300000000,1,0,0,0,0.75,0.39,-2.13,3.8,6.73,4.84,6.46,North America,Fixed Income
268,SLYG,SPDR S&P 600 Small Cap Growth ETF,Equity: U.S. - Small Cap Growth,Total,State Street Global Advisors,0.15,2200000000,2,0.62,56.92,3.87,0.87,3.04,15.55,59.01,12.94,16.43,13.85,North America,Equity
269,XHB,SPDR S&P Homebuilders ETF,Equity: U.S. Housing,Housing,State Street Global Advisors,0.35,2200000000,2,0.75,19.47,4.15,-1.86,16.79,28.52,73.82,24.65,17.64,15.98,North America,Equity
270,JHMM,John Hancock Multifactor Mid Cap ETF,Equity: U.S. - Mid Cap,Total,John Hancock,0.42,2200000000,2,1.09,49.14,3.44,0.45,7.89,15.19,47.37,15.18,15.33,0,North America,Equity
271,FMB,First Trust Managed Municipal ETF,"Fixed Income:U.S. Government, Local Authority/Municipal Broad Credit Broad Maturities",Government,First Trust,0.5,2200000000,1,0,0,0,0.69,2.25,1.18,6.68,5,3.75,0,North America,Fixed Income
272,PKW,Invesco BuyBack Achievers ETF,Equity: U.S. - Total Market,Total,Invesco,0.62,2100000000,1,1.15,24.88,2.93,2.19,11.95,22.51,58.3,18.1,15.58,14.25,North America,Equity
273,IYT,iShares Transportation Average ETF,Equity: U.S. Transportation,Transportation,Blackrock,0.42,2100000000,1,0.87,-26.89,5.36,1.2,14.53,24.26,69.97,12.98,15.77,12.29,North America,Equity
274,USRT,iShares Core U.S. REIT ETF,Equity: U.S. REITs,REITs,Blackrock,0.08,2100000000,2,3.08,106.95,2.5,4.3,18,22.66,38.37,11.62,7.81,8.88,North America,Equity
275,RODM,Hartford Multifactor Developed Markets (ex-US) ETF,Equity: Developed Markets Ex-U.S. - Total Market,Total,The Hartford,0.29,2000000000,2,2.88,18.58,1.58,3.94,9.59,11.76,29.61,5.19,8.28,0,Develop Market,Equity
276,PRFZ,Invesco FTSE RAFI US 1500 Small-Mid ETF,Equity: U.S. - Extended Market,Total,Invesco,0.39,2000000000,2,1.24,-26.87,2.27,4.39,8,25.27,72.56,12.44,15.22,12.31,North America,Equity
277,DES,WisdomTree U.S. SmallCap Dividend Fund,Equity: U.S. - Small Cap,Total,WisdomTree,0.38,1900000000,1,2.56,27.89,2.04,4.29,11.05,24.91,61.41,7.13,10.07,11.06,North America,Equity
278,BSCN,Invesco BulletShares 2023 Corporate Bond ETF,"Fixed Income: U.S. - Corporate, Broad-based Investment Grade Short-Term",Corporate,Invesco,0.1,1900000000,2,0,0,0,0.23,0.11,-0.28,1.35,4.95,3.56,0,North America,Fixed Income
279,RSX,VanEck Vectors Russia ETF,Equity: Russia - Total Market,Total,VanEck,0.67,1900000000,1,5.02,13.88,1.37,10.98,13.48,19.25,38.33,15.64,15.93,0.57,Europe,Equity
280,USMC,Principal U.S. Mega-Cap ETF,Equity: U.S. - Large Cap,Total,Principal,0.12,1800000000,1,1.78,32.85,4.86,0.19,7.58,8.33,30.41,16.36,0,0,North America,Equity
281,FBT,First Trust NYSE Arca Biotechnology Index Fund,Equity: U.S. Biotechnology,Biotechnology,First Trust,0.55,1800000000,1,0.27,-51.74,4.57,-1.5,-3.38,-3.73,-2.96,4.39,10.44,13.82,North America,Equity
282,FXD,First Trust Consumer Discretionary AlphaDEX Fund,Equity: U.S. Consumer Discretionary,Consumer Discretionary,First Trust,0.63,1800000000,1,0.75,29.05,3.81,-0.21,5.71,19.2,62.95,14.7,13,11.91,North America,Equity
283,FBND,Fidelity Total Bond ETF,"Fixed Income: Global - Broad Market, Broad-based",Broad,Fidelity,0.36,1800000000,1,0,0,0,0.49,0.14,-2.09,-0.04,5.37,3.87,0,Global,Fixed Income
284,SLY,SPDR S&P 600 Small Cap ETF,Equity: U.S. - Small Cap,Total,State Street Global Advisors,0.15,1800000000,2,1.11,-769.24,2.32,3.7,7.79,24.96,71.99,12.78,15.93,13.71,North America,Equity
285,RWR,SPDR Dow Jones REIT ETF,Equity: U.S. REITs,REITs,State Street Global Advisors,0.25,1800000000,2,3.02,84.6,2.43,4.24,18.01,23.97,38.51,9.55,6.37,8.54,North America,Equity
286,BSCL,Invesco BulletShares 2021 Corporate Bond ETF,"Fixed Income: U.S. - Corporate, Broad-based Investment Grade Ultra-Short Term",Corporate,Invesco,0.1,1800000000,2,0,0,0,0.11,0,-0.28,-0.43,2.7,2.19,0,North America,Fixed Income
287,IYJ,iShares U.S. Industrials ETF,Equity: U.S. Industrials,Industrials,Blackrock,0.42,1800000000,2,1.14,42.78,5.67,1.61,10.36,15.66,50.67,16.24,16.89,14.12,North America,Equity
288,CMF,iShares California Muni Bond ETF,"Fixed Income: California Government, Local Authority/Municipal Investment Grade Broad Maturities",Government,Blackrock,0.25,1800000000,2,0,0,0,0.15,1.47,0.15,2.32,4.27,2.85,4.32,North America,Fixed Income
289,FNCL,Fidelity MSCI Financials Index ETF,Equity: U.S. Financials,Financials,Fidelity,0.08,1800000000,2,1.8,15.78,1.65,4.85,14.79,29.72,64.54,13.11,16.34,0,North America,Equity
290,FXR,First Trust Industrials/Producer Durables AlphaDEX Fund,Equity: U.S. Industrials,Industrials,First Trust,0.64,1800000000,1,1.04,28.53,3.76,1.37,10.35,19.57,59.78,15.34,17.04,13.2,North America,Equity
291,ITM,VanEck Vectors Intermediate Muni ETF,"Fixed Income: U.S. - Government, Local Authority/Municipal Investment Grade Intermediate",Government,VanEck,0.24,1800000000,1,0,0,0,0.16,2.65,-0.64,3.45,5.27,3.32,4.18,North America,Fixed Income
292,XLG,Invesco S&P 500 Top 50 ETF,Equity: U.S. - Large Cap,Total,Invesco,0.2,1700000000,2,1.33,32.82,5.7,-0.38,7.74,9.87,35.85,19.1,18.15,15.24,North America,Equity
293,JMST,JPMorgan Ultra-Short Municipal Income ETF,"Fixed Income: U.S. - Government, Local Authority/Municipal Investment Grade Short-Term",Government,JPMorgan Chase,0.18,1700000000,2,0,0,0,0.08,0.18,0.2,0.72,0,0,0,North America,Fixed Income
294,RWO,SPDR Dow Jones Global Real Estate ETF,Equity: Global Real Estate,Real Estate,State Street Global Advisors,0.5,1700000000,1,3.11,509.48,1.64,4.5,14.74,18.63,34.92,7.18,5.2,6.54,Global,Equity
295,PDP,Invesco DWA Momentum ETF,Equity: U.S. - Total Market,Total,Invesco,0.62,1700000000,1,0.35,288.79,7.39,-1.58,-2.09,-1.83,28.31,15.61,15.9,13.27,North America,Equity
296,TILT,FlexShares Morningstar US Market Factor Tilt Index Fund,Equity: U.S. - Total Market,Total,Northern Trust,0.25,1700000000,2,1.36,66.78,3.22,1.67,9.18,17.41,51.62,16.06,16.33,0,North America,Equity
297,FDL,First Trust Morningstar Dividend Leaders Index Fund,Equity: U.S. - High Dividend Yield,Total,First Trust,0.45,1600000000,2,4.15,24.01,2.46,1.47,11.9,17.31,38.51,11.03,10.01,11.45,North America,Equity
298,VIOO,Vanguard S&P Small-Cap 600 ETF,Equity: U.S. - Small Cap,Total,Vanguard,0.1,1600000000,2,1.11,-805.39,2.32,3.59,7.81,25.02,71.92,12.78,15.99,13.69,North America,Equity
299,PHO,Invesco Water Resources ETF,Equity: U.S. Water,Water,Invesco,0.6,1600000000,1,0.82,48.17,5.03,1.4,9.04,13.97,43.26,20.57,18.26,11.28,North America,Equity
300,MDYG,SPDR S&P 400 Mid Cap Growth ETF,Equity: U.S. - Mid Cap Growth,Total,State Street Global Advisors,0.15,1600000000,2,0.63,46.23,4.63,-2.34,3.02,10.33,42.14,13.31,14.62,12.37,North America,Equity
301,PSC,Principal U.S. Small-Cap Multi-Factor ETF,Equity: U.S. - Small Cap,Total,Principal,0.38,1600000000,1,1.47,52,2.31,3.77,8.83,30.2,75.07,13.61,0,0,North America,Equity
302,IYY,iShares Dow Jones U.S. ETF,Equity: U.S. - Total Market,Total,Blackrock,0.2,1600000000,2,1.31,39.45,4.47,0.5,8.27,12.4,40.46,17.53,16.99,14.32,North America,Equity
303,JPHY,JPMorgan High Yield Research Enhanced ETF,"Fixed Income: U.S. - Corporate, Broad-based High Yield",Corporate,JPMorgan Chase,0.24,1600000000,2,0,0,0,0.37,0.91,1.33,9.72,6.39,0,0,North America,Fixed Income
304,EWL,iShares MSCI Switzerland ETF,Equity: Switzerland - Total Market,Total,Blackrock,0.51,1600000000,1,2.63,25.31,3.08,6.05,11.44,9.87,28.12,15.71,12.23,8.13,Europe,Equity
305,REM,iShares Mortgage Real Estate ETF,Equity: U.S. Mortgage REITs,REITs,Blackrock,0.48,1600000000,1,7.49,104.63,1.06,1.55,10.4,19.48,72.71,4.05,7.24,6.17,North America,Equity
306,FREL,Fidelity MSCI Real Estate Index ETF,Equity: U.S. Real Estate,Real Estate,Fidelity,0.09,1600000000,2,2.73,85.35,2.95,3.74,18.28,22.1,34.19,13.44,9.59,0,North America,Equity
307,FLCB,Franklin Liberty U.S. Core Bond ETF,"Fixed Income: U.S. - Broad Market, Broad-based Investment Grade",Broad,Franklin Templeton,0.15,1500000000,2,0,0,0,0.21,-0.36,-2.25,0.08,0,0,0,North America,Fixed Income
308,JEPI,JPMorgan Equity Premium Income ETF,Equity: U.S. - Large Cap,Total,JPMorgan Chase,0.35,1500000000,1,1.57,27.63,4.95,1.76,9.33,9.99,27.14,0,0,0,North America,Equity
309,TDIV,First Trust NASDAQ Technology Dividend Index Fund,Equity: Global Information Technology,Information Technology,First Trust,0.5,1500000000,1,2.62,27.58,3.91,2.4,9.89,15.05,41.86,18.34,19.24,0,Global,Equity
310,XMLV,Invesco S&P MidCap Low Volatility ETF,Equity: U.S. - Mid Cap,Total,Invesco,0.25,1500000000,2,1.29,29.7,3.28,0.54,8.74,13.26,29.03,7.63,9.72,0,North America,Equity
311,QDF,FlexShares Quality Dividend Index Fund,Equity: U.S. - Total Market,Total,Northern Trust,0.37,1500000000,1,2.18,24.04,4.8,2.2,10.42,14.1,35.1,10.66,12.39,0,North America,Equity
312,FDIS,Fidelity MSCI Consumer Discretionary Index ETF,Equity: U.S. Consumer Discretionary,Consumer Discretionary,Fidelity,0.08,1500000000,2,0.57,95.66,9.05,-3.17,5.68,9.93,57.32,24.78,21.72,0,North America,Equity
313,PPLT,Aberdeen Standard Physical Platinum Shares ETF,Commodities: Precious Metals Platinum,Precious Metals Platinum,Aberdeen Standard Investments,0.6,1500000000,2,0,0,0,-0.54,-1.33,10.63,39.74,9.07,3.89,-4.69,Global,Commodities
314,PULS,PGIM Ultra Short Bond ETF,"Fixed Income: U.S. - Broad Market, Broad-based Investment Grade Short-Term",Broad,Prudential,0.15,1400000000,2,0,0,0,0.09,0.19,0.39,1.79,2.12,0,0,North America,Fixed Income
315,FXH,First Trust Health Care AlphaDEX Fund,Equity: U.S. Health Care,Health Care,First Trust,0.61,1400000000,1,0.5,26.72,3.69,-1.95,3.48,4.22,22.72,15.11,13.58,14.21,North America,Equity
316,IVOO,Vanguard S&P Mid-Cap 400 ETF,Equity: U.S. - Mid Cap,Total,Vanguard,0.1,1400000000,2,1.13,42.1,2.87,0.28,8.18,18.85,53.59,13.41,14.31,12.48,North America,Equity
317,VIOV,Vanguard S&P Small-Cap 600 Value ETF,Equity: U.S. - Small Cap Value,Total,Vanguard,0.15,1400000000,2,1.54,-57.14,1.72,6.08,12.16,34.15,84.18,11.85,14.96,13.05,North America,Equity
318,BBRE,JPMorgan BetaBuilders MSCI U.S. REIT ETF,Equity: U.S. REITs,REITs,JPMorgan Chase,0.11,1400000000,2,3.08,89.18,2.52,4.2,17.75,22.5,38.32,0,0,0,North America,Equity
319,PSK,SPDR ICE Preferred Securities ETF,"Fixed Income: U.S. - Corporate, Preferred",Corporate,State Street Global Advisors,0.45,1400000000,1,0,0,0,1.11,4.06,0.42,8.6,6.23,4.85,5.53,North America,Fixed Income
320,BSCO,Invesco BulletShares 2024 Corporate Bond ETF,"Fixed Income: U.S. - Corporate, Broad-based Investment Grade Intermediate",Corporate,Invesco,0.1,1400000000,1,0,0,0,0.34,0.23,-0.26,2.47,6.09,4.16,0,North America,Fixed Income
321,FXO,First Trust Financials AlphaDEX Fund,Equity: U.S. Financials,Financials,First Trust,0.62,1400000000,1,2.07,11.01,1.32,3.86,12.92,33.9,85.73,15.7,16.21,14.07,North America,Equity
322,IXC,iShares Global Energy ETF,Equity: Global Energy,Global Energy,Blackrock,0.46,1400000000,1,4.51,-14.3,1.42,11.21,11.98,35.35,36.84,-5.39,1.61,-0.8,Global,Equity
323,XAR,SPDR S&P Aerospace & Defense ETF,Equity: U.S. Aerospace & Defense,Aerospace & Defense,State Street Global Advisors,0.35,1300000000,2,0.69,11407.59,4.55,2.31,8.08,14.8,46.18,14.73,19.63,0,North America,Equity
324,IWC,iShares Micro-Cap ETF,Equity: U.S. - Micro Cap,Total,Blackrock,0.6,1300000000,1,0.7,-24.9,2.5,3.68,2.8,28.51,83.74,14.42,17.49,12.98,North America,Equity
325,FLQL,Franklin LibertyQ U.S. Equity ETF,Equity: U.S. - Large Cap,Total,Franklin Templeton,0.15,1300000000,2,1.81,27.9,6.55,1.42,10.28,11.64,32.26,14.97,0,0,North America,Equity
326,AVUV,Avantis U.S. Small Cap Value ETF,Equity: U.S. - Small Cap Value,Total,American Century Investments,0.25,1300000000,2,1.22,-235.61,1.64,6.28,14.08,38.69,96.57,0,0,0,North America,Equity
327,EBND,SPDR Bloomberg Barclays Emerging Markets Local Bond ETF,"Fixed Income: Emerging Markets - Government, Treasury",Government,State Street Global Advisors,0.3,1300000000,1,0,0,0,2.19,1.3,-2.69,4.88,3.23,3.62,0.68,Emerging Market,Fixed Income
328,URTH,iShares MSCI World ETF,Equity: Developed Markets - Total Market,Total,Blackrock,0.24,1200000000,2,1.64,36.77,3.13,1.89,8.18,12.05,38.56,14.46,14.53,0,Develop Market,Equity
329,MOO,VanEck Vectors Agribusiness ETF,Equity: Global Agriculture,Agriculture,VanEck,0.56,1200000000,1,1.45,92.81,2.64,1.97,7.94,19.67,55.69,15.6,15.45,7.44,Global,Equity
330,AVUS,Avantis U.S. Equity ETF,Equity: U.S. - Total Market,Total,American Century Investments,0.15,1200000000,2,1.26,46.58,3.43,1.64,9.43,17.33,50.16,0,0,0,North America,Equity
331,IGOV,iShares International Treasury Bond ETF,"Fixed Income: Developed Markets Ex-U.S. - Government, Treasury",Government,Blackrock,0.35,1200000000,1,0,0,0,1.15,-0.5,-3.95,5.95,3.01,2.26,0.88,Develop Market,Fixed Income
332,COPX,Global X Copper Miners ETF,Equity: Global Copper Miners,Copper Miners,"Mirae Asset Global Investments Co., Ltd.",0.65,1200000000,1,1.11,54.04,1.64,4.97,9.35,36.43,154.74,19.04,25.46,-0.9,Global,Equity
333,SDOG,ALPS Sector Dividend Dogs ETF,Equity: U.S. - Large Cap,Total,SS&C,0.4,1200000000,2,4.04,27.58,2.38,3.69,13.22,24.68,55.11,11.47,10.61,0,North America,Equity
334,IBUY,Amplify Online Retail ETF,Equity: Global Internet & Direct Marketing Retail,Internet & Direct Marketing Retail,Amplify Investments,0.65,1200000000,1,0.14,-89.96,5.44,-0.54,-7.31,8.92,87.75,38.02,38.11,0,Global,Equity
335,FIVG,Defiance Next Gen Connectivity ETF,Equity: Global 5G,5G,Defiance ETFs,0.3,1200000000,2,1.44,61.97,3.64,2.66,7.14,10.48,38.91,0,0,0,Global,Equity
336,FINX,Global X FinTech ETF,Equity: Developed Markets FinTech,Markets FinTech,"Mirae Asset Global Investments Co., Ltd.",0.68,1200000000,2,0.22,117.37,6.44,-2.71,-6.14,-3.1,36.7,20.79,0,0,Develop Market,Equity
337,XSLV,Invesco S&P SmallCap Low Volatility ETF,Equity: U.S. - Small Cap,Total,Invesco,0.25,1200000000,2,1.41,29.66,2.45,2.77,6.35,16.87,43.11,2.36,7.96,0,North America,Equity
338,QQEW,First Trust Nasdaq-100 Equal Weighted Index Fund,Equity: U.S. - Large Cap,Total,First Trust,0.58,1200000000,1,0.81,46.1,5.2,-0.44,3.55,5.69,37.71,21.19,20.36,16.11,North America,Equity
339,QLTA,iShares Aaa-A Rated Corporate Bond ETF,"Fixed Income: U.S. - Corporate, Broad-based Investment Grade",Corporate,Blackrock,0.15,1200000000,2,0,0,0,0.51,0.14,-3.51,0.07,6.32,4.02,0,North America,Fixed Income
340,FEX,First Trust Large Cap Core AlphaDEX Fund,Equity: U.S. - Large Cap,Total,First Trust,0.59,1100000000,1,1.54,28.28,3.04,2.08,9.14,16.65,44.84,13.98,15,12.75,North America,Equity
341,IWX,iShares Russell Top 200 Value ETF,Equity: U.S. - Large Cap Value,Total,Blackrock,0.2,1100000000,2,2.07,29.91,2.8,2.73,10.89,17.37,37.15,12.66,12.09,11.54,North America,Equity
342,IHF,iShares U.S. Healthcare Providers ETF,Equity: U.S. Health Care Providers & Services,Health Care Providers & Services,Blackrock,0.42,1100000000,2,0.8,20.32,3,1.83,12.58,14.22,33.67,18.01,17.22,16.04,North America,Equity
343,BAR,GraniteShares Gold Trust,Commodities: Precious Metals Gold,Precious Metals Gold,GraniteShares,0.17,1100000000,2,0,0,0,7.85,10.1,0.37,10.3,13.63,0,0,Global,Commodities
344,USFR,WisdomTree Floating Rate Treasury Fund,"Fixed Income: U.S. - Government, Treasury Investment Grade Floating Rate",Government,WisdomTree,0.15,1100000000,2,0,0,0,-0.04,0,0.04,0.06,1.21,1.14,0,North America,Fixed Income
345,LDUR,PIMCO Enhanced Low Duration Active ETF,"Fixed Income: Global - Broad Market, Broad-based Short-Term",Broad,PIMCO,0.56,1100000000,1,0,0,0,0.03,0.02,0.24,2.8,3.4,2.78,0,Global,Fixed Income
346,SIVR,Aberdeen Standard Physical Silver Shares ETF,Commodities: Precious Metals Silver,Precious Metals Silver,Aberdeen Standard Investments,0.3,1100000000,2,0,0,0,8.93,5.59,6.5,55.49,19.46,11.67,-2.76,Global,Commodities
347,QQQJ,Invesco NASDAQ Next Gen 100 ETF,Equity: U.S. - Large Cap,Total,Invesco,0.15,1100000000,2,0.45,1245.1,5.94,-0.97,-2.63,5.98,0,0,0,0,North America,Equity
348,DIAL,Columbia Diversified Fixed Income Allocation ETF,"Fixed Income: Global - Broad Market, Broad-based",Broad,"Columbia Management Investment Advisers, LLC",0.28,1100000000,1,0,0,0,0.57,0.38,-2.15,4.72,6.88,0,0,Global,Fixed Income
349,JAGG,JPMorgan U.S. Aggregate Bond ETF,"Fixed Income: U.S. - Broad Market, Broad-based Investment Grade",Broad,JPMorgan Chase,0.07,1100000000,2,0,0,0,0.19,-0.18,-2.44,-0.97,0,0,0,North America,Fixed Income
350,SPYX,SPDR S&P 500 Fossil Fuel Reserves Free ETF,Equity: U.S. - Large Cap,Total,State Street Global Advisors,0.2,1100000000,2,1.32,34.22,4.71,0.63,9,12.26,38.81,18.22,17.57,0,North America,Equity
351,VTWV,Vanguard Russell 2000 Value ETF,Equity: U.S. - Small Cap Value,Total,Vanguard,0.15,1100000000,2,1.41,-39.37,1.85,5.78,11.32,30.62,81.06,11.38,14.23,11.19,North America,Equity
352,FTC,First Trust Large Cap Growth AlphaDEX Fund,Equity: U.S. - Large Cap Growth,Total,First Trust,0.6,1100000000,1,0.55,100.04,9.1,0.03,2.98,6.92,37.84,15.95,16.58,13.91,North America,Equity
353,BLOK,Amplify Transformational Data Sharing ETF,Equity: Global Blockchain,Blockchain,Amplify Investments,0.7,1100000000,1,0.46,45.95,6.16,-11.53,-14.77,33.82,140.24,34.24,0,0,Global,Equity
354,JVAL,JPMorgan U.S. Value Factor ETF,Equity: U.S. - Large Cap Value,Total,JPMorgan Chase,0.12,1000000000,2,2.06,27.47,2.73,3.06,12.7,23.09,54.21,14.96,0,0,North America,Equity
355,FTA,First Trust Large Cap Value AlphaDEX Fund,Equity: U.S. - Large Cap Value,Total,First Trust,0.6,1000000000,1,2.15,17.86,2.05,3.16,13.18,24.15,49.27,11.37,12.9,11.19,North America,Equity
356,AGGY,WisdomTree Yield Enhanced U.S. Aggregate Bond Fund,"Fixed Income: U.S. - Broad Market, Broad-based Investment Grade",Broad,WisdomTree,0.12,1000000000,1,0,0,0,0.41,-0.27,-3.18,-1.69,4.81,3.16,0,North America,Fixed Income
357,RWL,Invesco S&P 500 Revenue ETF,Equity: U.S. - Large Cap,Total,Invesco,0.39,1000000000,2,1.78,41.67,3.13,2.54,12.64,19.73,44.74,15.38,14.78,13.66,North America,Equity
358,REGL,ProShares S&P MidCap 400 Dividend Aristocrats ETF,Equity: U.S. - Mid Cap,Total,ProShares,0.41,1000000000,2,2.2,22.41,2.44,1.61,11.89,17.88,42.04,13.52,12.4,0,North America,Equity
359,FLCO,Franklin Liberty Investment Grade Corporate ETF,"Fixed Income: U.S. - Corporate, Broad-based Investment Grade",Corporate,Franklin Templeton,0.35,1000000000,1,0,0,0,0.65,-0.08,-3.49,2.95,6.84,0,0,North America,Fixed Income
360,VTHR,Vanguard Russell 3000 ETF,Equity: U.S. - Total Market,Total,Vanguard,0.1,1000000000,2,1.29,44.17,4.3,0.56,7.87,12.42,42.75,17.58,17.26,14.37,North America,Equity
361,FUTY,Fidelity MSCI Utilities Index ETF,Equity: U.S. Utilities,Utilities,Fidelity,0.08,1000000000,2,3,31.09,2.22,-2.25,10.01,4.67,10.81,11.77,9.21,0,North America,Equity
362,PNQI,Invesco NASDAQ Internet ETF,Equity: U.S. Internet,Internet,Invesco,0.6,1000000000,1,0.03,88,7.07,-2.44,-2.12,4.44,43.28,20.13,24.8,19.73,North America,Equity
363,LRGF,iShares MSCI USA Multifactor ETF,Equity: U.S. - Total Market,Total,Blackrock,0.2,1000000000,2,1.16,25.11,3.82,1.21,8.62,13.38,37.5,11.6,14.02,0,North America,Equity
364,FNX,First Trust Mid Cap Core AlphaDEX Fund,Equity: U.S. - Mid Cap,Total,First Trust,0.6,1000000000,1,1.28,62.58,2.61,2.59,9.43,21.16,62.57,14.84,15.62,12.12,North America,Equity
365,PEY,Invesco High Yield Equity Dividend Achievers ETF,Equity: U.S. - High Dividend Yield,Total,Invesco,0.52,1000000000,1,4.29,22.82,1.8,3.56,12.62,23.44,48.9,11.37,11.09,13.41,North America,Equity
366,BWX,SPDR Bloomberg Barclays International Treasury Bond ETF,"Fixed Income: Global Ex-U.S. - Government, Non-Native Currency Investment Grade",Government,State Street Global Advisors,0.35,1000000000,1,0,0,0,1.3,-0.44,-3.72,6.2,3.43,2.38,0.91,Global Ex US,Fixed Income
367,FIW,First Trust Water ETF,Equity: U.S. Water,Water,First Trust,0.54,1000000000,1,0.99,49.23,4.26,1.17,8.87,15.16,47.9,20.47,19.56,14.79,North America,Equity
368,SMLF,iShares MSCI USA Small-Cap Multifactor ETF,Equity: U.S. - Small Cap,Total,Blackrock,0.3,1000000000,2,0.87,23.3,2.56,1.21,6.94,18.89,53.48,10.36,13.72,0,North America,Equity
