,open,high,low,close,Adj Close,Volume,RESULT,bearish_harami,bullish_harami,dark_cloud_cover,doji,dragonfly_doji,hanging_man,gravestone_doji,bearish_engulfing,bullish_engulfing,hammer,morning_star,morning_star_doji,piercing_pattern,rain_drop,star,shooting_star,time
0,14748.919921875,14764.23046875,14746.4111328125,14762.734375,14762.734375,26711044,False,,,,False,False,,False,,,False,,,,,,,2021-08-04 09:30:00-04:00
1,14758.744140625,14769.572265625,14749.5458984375,14769.572265625,14769.572265625,55809870,False,False,False,False,False,False,,False,False,False,False,,,False,False,False,False,2021-08-04 09:32:00-04:00
2,14766.201171875,14766.5146484375,14750.6943359375,14756.75,14756.75,42884628,False,False,False,False,False,False,False,False,False,False,False,False,False,False,False,False,False,2021-08-04 09:34:00-04:00
3,14758.283203125,14771.056640625,14758.283203125,14771.056640625,14771.056640625,40968840,False,False,False,False,False,False,False,False,False,False,False,False,False,False,False,False,False,2021-08-04 09:36:00-04:00
4,14772.689453125,14776.1357421875,14769.171875,14770.0771484375,14770.0771484375,39868600,False,False,False,False,False,False,False,False,False,False,False,False,False,False,False,False,False,2021-08-04 09:38:00-04:00
5,14770.849609375,14783.5751953125,14770.849609375,14776.5537109375,14776.5537109375,40956508,False,False,False,False,False,False,False,False,False,False,False,False,False,False,False,False,False,2021-08-04 09:40:00-04:00
6,14775.59375,14775.59375,14768.673828125,14773.3564453125,14773.3564453125,33843162,False,True,False,False,False,False,False,False,False,False,True,False,False,False,False,False,False,2021-08-04 09:42:00-04:00
7,14773.177734375,14787.2080078125,14773.177734375,14784.5615234375,14784.5615234375,32950038,False,False,False,False,False,False,False,False,False,True,False,False,False,False,False,False,False,2021-08-04 09:44:00-04:00
8,14775.09765625,14775.09765625,14775.09765625,14775.09765625,14775.09765625,0,False,False,False,False,False,False,False,False,False,False,False,False,False,False,False,False,False,2021-08-04 09:46:00-04:00
9,14774.626953125,14775.3056640625,14771.900390625,14775.3056640625,14775.3056640625,510277277,False,False,False,False,False,False,False,False,False,False,True,False,False,False,False,False,False,2021-08-04 09:48:00-04:00
10,14772.8876953125,14778.892578125,14767.7392578125,14767.7392578125,14767.7392578125,48006312,False,False,False,False,False,False,False,False,False,False,False,False,False,False,False,False,False,2021-08-04 09:50:00-04:00
11,14767.150390625,14769.16796875,14753.1875,14760.724609375,14760.724609375,38458882,False,False,False,False,False,False,False,False,False,False,False,False,False,False,False,False,False,2021-08-04 09:52:00-04:00
12,14762.6513671875,14766.095703125,14758.1201171875,14764.8515625,14764.8515625,37370400,False,False,True,False,False,False,False,False,False,False,False,False,False,False,False,False,False,2021-08-04 09:54:00-04:00
13,14765.7626953125,14773.2529296875,14764.3603515625,14770.0400390625,14770.0400390625,35211201,False,False,False,False,False,False,False,False,False,False,False,False,False,False,False,False,False,2021-08-04 09:56:00-04:00
14,14769.673828125,14776.533203125,14769.181640625,14775.271484375,14775.271484375,32578616,False,False,False,False,False,False,False,False,False,False,False,False,False,False,False,False,False,2021-08-04 09:58:00-04:00
15,14776.5908203125,14778.4521484375,14766.234375,14768.486328125,14768.486328125,30367140,False,False,False,False,False,False,False,False,True,False,False,False,False,False,False,False,False,2021-08-04 10:00:00-04:00
16,14768.970703125,14774.24609375,14762.0703125,14762.0703125,14762.0703125,31192018,False,False,False,False,False,False,False,False,False,False,False,False,False,False,False,False,False,2021-08-04 10:02:00-04:00
17,14762.072265625,14765.583984375,14756.2216796875,14757.845703125,14757.845703125,27707621,False,False,False,False,False,False,False,False,False,False,False,False,False,False,False,False,False,2021-08-04 10:04:00-04:00
18,14755.9931640625,14764.2587890625,14755.9931640625,14761.8896484375,14761.8896484375,27563683,False,False,False,False,False,False,False,False,False,False,False,False,False,True,False,False,False,2021-08-04 10:06:00-04:00
19,14760.0703125,14770.8408203125,14760.0703125,14770.447265625,14770.447265625,27295473,False,False,False,False,False,False,False,False,False,False,False,False,False,False,False,False,False,2021-08-04 10:08:00-04:00
20,14772.1806640625,14779.552734375,14769.849609375,14772.109375,14772.109375,28765236,True,False,False,False,True,False,False,False,False,False,False,False,False,False,False,False,False,2021-08-04 10:10:00-04:00
21,14773.1376953125,14773.1376953125,14760.80859375,14764.96875,14764.96875,27546410,False,False,False,False,False,False,False,False,False,False,False,False,False,False,False,False,False,2021-08-04 10:12:00-04:00
22,14767.1630859375,14769.05859375,14761.6689453125,14767.5107421875,14767.5107421875,34064456,False,False,True,False,True,False,False,False,False,False,True,False,False,False,False,False,False,2021-08-04 10:14:00-04:00
23,14765.21484375,14767.7841796875,14763.7529296875,14766.0244140625,14766.0244140625,28320872,False,False,False,False,False,False,False,False,False,False,False,False,False,False,False,False,False,2021-08-04 10:16:00-04:00
24,14766.63671875,14767.3671875,14763.458984375,14765.1611328125,14765.1611328125,24890668,False,False,False,False,False,False,False,False,True,False,False,False,False,False,False,False,False,2021-08-04 10:18:00-04:00
25,14763.8408203125,14763.8408203125,14750.6591796875,14751.171875,14751.171875,29814735,False,False,False,False,False,False,False,False,False,False,False,False,False,False,False,False,False,2021-08-04 10:20:00-04:00
26,14751.9208984375,14758.041015625,14751.9208984375,14752.9228515625,14752.9228515625,27981000,True,False,True,False,False,False,False,False,False,False,False,False,False,False,False,False,False,2021-08-04 10:22:00-04:00
27,14753.08984375,14760.703125,14753.08984375,14760.703125,14760.703125,27772000,False,False,False,False,False,False,False,False,False,False,False,False,False,False,False,False,False,2021-08-04 10:24:00-04:00
28,14763.96484375,14765.5341796875,14757.3525390625,14758.8447265625,14758.8447265625,27405000,False,False,False,False,False,False,False,False,False,False,False,False,False,False,False,False,False,2021-08-04 10:26:00-04:00
29,14757.84375,14757.84375,14749.4140625,14754.478515625,14754.478515625,26534000,False,False,False,False,False,False,False,False,False,False,False,False,False,False,False,False,False,2021-08-04 10:28:00-04:00
30,14754.052734375,14754.23046875,14741.30078125,14741.30078125,14741.30078125,26665000,False,False,False,False,False,False,False,False,False,False,False,False,False,False,False,False,False,2021-08-04 10:30:00-04:00
31,14743.1494140625,14743.71875,14735.0673828125,14743.71875,14743.71875,28150000,False,False,True,False,False,True,False,False,False,False,True,False,False,False,False,False,False,2021-08-04 10:32:00-04:00
32,14747.4150390625,14756.083984375,14747.150390625,14753.9775390625,14753.9775390625,23831000,False,False,False,False,False,False,False,False,False,False,False,False,False,False,False,False,False,2021-08-04 10:34:00-04:00
33,14753.9365234375,14756.748046875,14753.9365234375,14754.0966796875,14754.0966796875,22671000,True,False,False,False,False,False,False,True,False,False,False,False,False,False,False,False,False,2021-08-04 10:36:00-04:00
34,14756.2880859375,14756.2880859375,14746.9189453125,14746.9189453125,14746.9189453125,22227000,False,False,False,False,False,False,False,False,True,False,False,False,False,False,False,False,False,2021-08-04 10:38:00-04:00
35,14747.611328125,14752.8876953125,14746.0947265625,14752.8876953125,14752.8876953125,22509000,False,False,True,False,False,False,False,False,False,False,False,False,False,False,False,False,False,2021-08-04 10:40:00-04:00
36,14753.88671875,14757.6455078125,14753.66015625,14756.4697265625,14756.4697265625,20641000,False,False,False,False,False,False,False,False,False,False,False,False,False,False,False,False,False,2021-08-04 10:42:00-04:00
37,14755.15625,14759.228515625,14754.353515625,14759.228515625,14759.228515625,20663000,False,False,False,False,False,False,False,False,False,False,False,False,False,False,False,False,False,2021-08-04 10:44:00-04:00
38,14759.4375,14767.1748046875,14759.4296875,14766.9267578125,14766.9267578125,21328000,False,False,False,False,False,False,False,False,False,False,False,False,False,False,False,False,False,2021-08-04 10:46:00-04:00
39,14767.5263671875,14768.78125,14765.01171875,14765.01171875,14765.01171875,21881000,False,False,False,False,False,False,False,False,False,False,False,False,False,False,False,False,False,2021-08-04 10:48:00-04:00
40,14765.7041015625,14766.1494140625,14761.3056640625,14762.0625,14762.0625,19534000,False,False,False,False,False,False,False,False,False,False,False,False,False,False,False,False,False,2021-08-04 10:50:00-04:00
41,14761.7705078125,14762.880859375,14755.0146484375,14756.8359375,14756.8359375,20595000,False,False,False,False,False,False,False,False,False,False,False,False,False,False,False,False,False,2021-08-04 10:52:00-04:00
42,14756.18359375,14758.8125,14754.8125,14757.8310546875,14757.8310546875,19580000,False,False,False,False,False,False,False,False,False,False,False,False,False,False,False,False,False,2021-08-04 10:54:00-04:00
43,14757.9638671875,14759.7509765625,14751.623046875,14751.623046875,14751.623046875,19783000,False,False,False,False,False,False,False,False,True,False,False,False,False,False,False,False,False,2021-08-04 10:56:00-04:00
44,14753.4873046875,14761.72265625,14753.4873046875,14760.853515625,14760.853515625,19044000,False,False,False,False,False,False,False,False,False,False,False,False,False,False,False,False,False,2021-08-04 10:58:00-04:00
45,14761.7275390625,14768.69921875,14761.3447265625,14767.46484375,14767.46484375,18780000,False,False,False,False,False,False,False,False,False,False,False,False,False,False,False,False,False,2021-08-04 11:00:00-04:00
46,14768.43359375,14771.732421875,14767.10546875,14767.927734375,14767.927734375,20011000,True,False,False,False,False,False,False,False,False,False,False,False,False,False,False,True,False,2021-08-04 11:02:00-04:00
47,14768.4189453125,14771.8349609375,14768.1953125,14771.8349609375,14771.8349609375,20618000,False,False,False,False,False,False,False,False,False,False,False,False,False,False,False,False,False,2021-08-04 11:04:00-04:00
48,14773.775390625,14779.447265625,14771.896484375,14779.447265625,14779.447265625,20277000,False,False,False,False,False,False,False,False,False,False,False,False,False,False,False,False,False,2021-08-04 11:06:00-04:00
49,14779.890625,14780.861328125,14777.62109375,14777.943359375,14777.943359375,18075000,False,False,False,False,False,False,False,False,False,False,False,False,False,False,False,False,False,2021-08-04 11:08:00-04:00
50,14778.3076171875,14781.03515625,14776.6416015625,14777.9951171875,14777.9951171875,17300000,True,False,False,False,True,False,False,False,False,False,False,False,False,False,False,False,False,2021-08-04 11:10:00-04:00
51,14776.57421875,14777.8798828125,14774.6103515625,14774.6103515625,14774.6103515625,18240000,False,False,False,False,False,False,False,False,False,False,False,False,False,False,False,False,False,2021-08-04 11:12:00-04:00
52,14773.9990234375,14774.6845703125,14771.880859375,14771.880859375,14771.880859375,17017000,False,False,False,False,False,False,False,False,False,False,False,False,False,False,False,False,False,2021-08-04 11:14:00-04:00
53,14773.94921875,14774.162109375,14768.48046875,14768.48046875,14768.48046875,19482000,False,False,False,False,False,False,False,False,False,False,False,False,False,False,False,False,False,2021-08-04 11:16:00-04:00
54,14768.47265625,14769.330078125,14765.9384765625,14765.9384765625,14765.9384765625,19625000,False,False,False,False,False,False,False,False,False,False,False,False,False,False,False,False,False,2021-08-04 11:18:00-04:00
55,14764.609375,14764.609375,14756.5478515625,14756.5478515625,14756.5478515625,20501000,False,False,False,False,False,False,False,False,False,False,False,False,False,False,False,False,False,2021-08-04 11:20:00-04:00
56,14755.2685546875,14760.6328125,14755.2685546875,14760.0380859375,14760.0380859375,16262000,False,False,False,False,False,False,False,False,False,False,False,False,False,False,False,False,False,2021-08-04 11:22:00-04:00
57,14760.1513671875,14760.1513671875,14755.6552734375,14755.6943359375,14755.6943359375,18866000,False,False,False,True,False,False,False,False,False,False,False,False,False,False,False,False,False,2021-08-04 11:24:00-04:00
58,14754.6005859375,14759.5966796875,14751.197265625,14758.212890625,14758.212890625,18197000,False,False,False,False,False,False,False,False,False,False,False,False,False,True,False,False,False,2021-08-04 11:26:00-04:00
59,14757.279296875,14757.279296875,14751.662109375,14754.2421875,14754.2421875,17647000,False,False,False,False,False,False,False,False,False,False,False,False,False,False,False,False,False,2021-08-04 11:28:00-04:00
60,14755.0048828125,14764.0107421875,14755.0048828125,14764.0107421875,14764.0107421875,19561000,False,False,False,False,False,False,False,False,False,False,False,False,False,False,False,False,False,2021-08-04 11:30:00-04:00
61,14763.79296875,14765.341796875,14758.9130859375,14765.341796875,14765.341796875,16448000,False,False,False,False,False,False,False,False,False,False,True,False,False,False,False,False,False,2021-08-04 11:32:00-04:00
62,14766.9580078125,14766.9580078125,14765.0390625,14765.501953125,14765.501953125,16156000,False,False,False,False,False,False,False,False,False,False,False,False,False,False,False,False,False,2021-08-04 11:34:00-04:00
63,14763.6357421875,14765.1005859375,14756.724609375,14756.724609375,14756.724609375,16758000,False,False,False,False,False,False,False,False,False,False,False,False,False,False,False,False,False,2021-08-04 11:36:00-04:00
64,14756.75390625,14757.396484375,14742.4150390625,14744.77734375,14744.77734375,18578000,False,False,False,False,False,False,False,False,False,False,False,False,False,False,False,False,False,2021-08-04 11:38:00-04:00
65,14746.990234375,14749.783203125,14745.783203125,14747.328125,14747.328125,15592000,True,False,True,False,True,False,False,False,False,False,False,False,False,False,False,False,False,2021-08-04 11:40:00-04:00
66,14747.716796875,14747.716796875,14741.2763671875,14741.2763671875,14741.2763671875,15982000,False,False,False,False,False,False,False,False,True,False,False,False,False,False,False,False,False,2021-08-04 11:42:00-04:00
67,14740.2734375,14748.8857421875,14740.2734375,14748.8857421875,14748.8857421875,18755000,False,False,False,False,False,False,False,False,False,True,False,False,False,False,False,False,False,2021-08-04 11:44:00-04:00
68,14748.8701171875,14753.7421875,14747.9658203125,14753.7421875,14753.7421875,16107000,False,False,False,False,False,False,False,False,False,False,False,False,False,False,False,False,False,2021-08-04 11:46:00-04:00
69,14752.3857421875,14757.8564453125,14751.5380859375,14757.234375,14757.234375,13740000,False,False,False,False,False,False,False,False,False,False,False,False,False,False,False,False,False,2021-08-04 11:48:00-04:00
70,14757.3291015625,14760.3798828125,14756.1025390625,14760.3798828125,14760.3798828125,14817000,False,False,False,False,False,False,False,False,False,False,False,False,False,False,False,False,False,2021-08-04 11:50:00-04:00
71,14760.5283203125,14764.474609375,14759.9111328125,14759.9111328125,14759.9111328125,15717000,True,False,False,False,False,False,False,False,False,False,False,False,False,False,False,False,True,2021-08-04 11:52:00-04:00
72,14759.666015625,14761.4091796875,14756.4150390625,14760.8330078125,14760.8330078125,13931000,False,False,False,False,False,False,False,False,False,True,True,False,False,False,False,False,False,2021-08-04 11:54:00-04:00
73,14760.369140625,14765.1484375,14760.369140625,14764.4619140625,14764.4619140625,15553000,False,False,False,False,False,False,False,False,False,False,False,False,False,False,False,False,False,2021-08-04 11:56:00-04:00
74,14765.2470703125,14767.9677734375,14763.94140625,14766.5712890625,14766.5712890625,15250000,False,False,False,False,False,False,False,False,False,False,False,False,False,False,False,False,False,2021-08-04 11:58:00-04:00
75,14766.3466796875,14767.4482421875,14762.92578125,14762.92578125,14762.92578125,14912000,False,False,False,False,False,False,False,False,False,False,False,False,False,False,False,False,False,2021-08-04 12:00:00-04:00
76,14762.7666015625,14764.109375,14759.34375,14763.208984375,14763.208984375,16098000,False,False,False,False,False,False,False,False,False,False,True,False,False,False,False,False,False,2021-08-04 12:02:00-04:00
77,14762.103515625,14763.697265625,14761.5556640625,14762.6015625,14762.6015625,13251000,False,False,False,False,False,False,False,False,False,False,False,False,False,False,False,False,False,2021-08-04 12:04:00-04:00
78,14762.5224609375,14764.2578125,14759.609375,14759.7802734375,14759.7802734375,14283000,False,False,False,False,False,False,False,False,False,False,False,False,False,False,False,False,False,2021-08-04 12:06:00-04:00
79,14760.1396484375,14767.7744140625,14760.1396484375,14767.7744140625,14767.7744140625,13275000,False,False,False,False,False,False,False,False,False,False,False,False,False,False,False,False,False,2021-08-04 12:08:00-04:00
80,14767.5625,14769.6533203125,14765.947265625,14769.6533203125,14769.6533203125,14641000,False,False,False,False,False,False,False,False,False,False,False,False,False,False,False,False,False,2021-08-04 12:10:00-04:00
81,14769.8994140625,14776.115234375,14769.6162109375,14776.115234375,14776.115234375,14171000,False,False,False,False,False,False,False,False,False,False,False,False,False,False,False,False,False,2021-08-04 12:12:00-04:00
82,14775.87890625,14775.87890625,14769.9814453125,14771.9599609375,14771.9599609375,13118000,False,True,False,False,False,False,False,False,False,False,False,False,False,False,False,False,False,2021-08-04 12:14:00-04:00
83,14772.3134765625,14773.685546875,14768.115234375,14768.5556640625,14768.5556640625,13675000,False,False,False,False,False,False,False,False,False,False,False,False,False,False,False,False,False,2021-08-04 12:16:00-04:00
84,14768.66796875,14771.423828125,14768.66796875,14770.408203125,14770.408203125,12452000,False,False,True,False,False,False,False,False,False,False,False,False,False,False,False,False,False,2021-08-04 12:18:00-04:00
85,14770.2255859375,14771.4892578125,14769.966796875,14769.966796875,14769.966796875,13459000,True,True,False,False,False,False,False,False,False,False,False,False,False,False,False,False,False,2021-08-04 12:20:00-04:00
86,14769.9580078125,14770.0087890625,14766.853515625,14768.9248046875,14768.9248046875,12161000,False,False,False,False,False,False,False,False,False,False,True,False,False,False,False,False,False,2021-08-04 12:22:00-04:00
87,14769.73828125,14772.03125,14767.900390625,14771.7470703125,14771.7470703125,14167000,False,False,False,False,False,False,False,False,False,False,False,False,False,False,False,False,False,2021-08-04 12:24:00-04:00
88,14771.6865234375,14772.0458984375,14769.46484375,14769.48046875,14769.48046875,14170000,False,False,False,False,False,False,False,False,False,False,False,False,False,False,False,False,False,2021-08-04 12:26:00-04:00
89,14768.849609375,14773.314453125,14768.6796875,14773.314453125,14773.314453125,15396000,False,False,False,False,False,False,False,False,False,True,False,False,False,False,False,False,False,2021-08-04 12:28:00-04:00
90,14773.212890625,14776.6328125,14771.5869140625,14771.5869140625,14771.5869140625,17024000,True,True,False,False,False,False,False,False,False,False,False,False,False,False,False,False,False,2021-08-04 12:30:00-04:00
91,14771.6396484375,14773.5576171875,14771.234375,14772.2392578125,14772.2392578125,13646000,False,False,True,False,False,False,False,False,False,False,False,False,False,False,False,False,False,2021-08-04 12:32:00-04:00
92,14773.1787109375,14776.451171875,14773.1787109375,14773.865234375,14773.865234375,12658000,True,False,False,False,False,False,False,False,False,False,False,False,False,False,False,False,True,2021-08-04 12:34:00-04:00
93,14773.0205078125,14773.0205078125,14768.728515625,14770.8251953125,14770.8251953125,13429000,False,False,False,False,False,False,False,False,False,False,False,False,False,False,False,False,False,2021-08-04 12:36:00-04:00
94,14770.72265625,14773.7763671875,14770.72265625,14773.154296875,14773.154296875,12193000,False,False,False,False,False,False,False,False,False,True,False,False,False,False,False,False,False,2021-08-04 12:38:00-04:00
95,14774.046875,14774.046875,14771.6708984375,14771.7626953125,14771.7626953125,9512000,False,False,False,True,False,False,False,False,False,False,False,False,False,False,False,False,False,2021-08-04 12:40:00-04:00
96,14770.8837890625,14770.8837890625,14764.6455078125,14764.6455078125,14764.6455078125,15702000,False,False,False,False,False,False,False,False,False,False,False,False,False,False,False,False,False,2021-08-04 12:42:00-04:00
97,14764.453125,14769.18359375,14763.462890625,14768.630859375,14768.630859375,12627000,False,False,False,False,False,False,False,False,False,False,False,False,False,True,False,False,False,2021-08-04 12:44:00-04:00
98,14768.1630859375,14771.2197265625,14767.5576171875,14771.2197265625,14771.2197265625,12544000,False,False,False,False,False,False,False,False,False,False,False,False,False,False,False,False,False,2021-08-04 12:46:00-04:00
99,14771.8037109375,14774.94140625,14771.8037109375,14772.998046875,14772.998046875,13653000,True,False,False,False,False,False,False,False,False,False,False,False,False,False,False,False,False,2021-08-04 12:48:00-04:00
100,14773.6630859375,14775.1767578125,14767.41015625,14767.84765625,14767.84765625,14260000,False,False,False,False,False,False,False,False,True,False,False,False,False,False,False,False,False,2021-08-04 12:50:00-04:00
101,14768.5400390625,14771.36328125,14768.4755859375,14771.36328125,14771.36328125,15062000,False,False,True,False,False,False,False,False,False,False,False,False,False,False,False,False,False,2021-08-04 12:52:00-04:00
102,14771.517578125,14772.5087890625,14769.205078125,14769.5048828125,14769.5048828125,12260000,False,False,False,True,False,False,False,False,False,False,False,False,False,False,False,False,False,2021-08-04 12:54:00-04:00
103,14769.8466796875,14773.0859375,14769.4072265625,14773.0859375,14773.0859375,12184000,False,False,False,False,False,False,False,False,False,False,False,False,False,False,False,False,False,2021-08-04 12:56:00-04:00
104,14773.40625,14776.626953125,14773.40625,14776.173828125,14776.173828125,12381000,False,False,False,False,False,False,False,False,False,False,False,False,False,False,False,False,False,2021-08-04 12:58:00-04:00
105,14776.755859375,14783.6142578125,14776.755859375,14783.6142578125,14783.6142578125,12503000,False,False,False,False,False,False,False,False,False,False,False,False,False,False,False,False,False,2021-08-04 13:00:00-04:00
106,14783.46875,14786.169921875,14782.125,14786.044921875,14786.044921875,9304000,False,False,False,False,False,False,False,False,False,False,False,False,False,False,False,False,False,2021-08-04 13:02:00-04:00
107,14785.732421875,14786.3408203125,14784.908203125,14786.3408203125,14786.3408203125,12372000,False,False,False,False,False,False,False,False,False,False,False,False,False,False,False,False,False,2021-08-04 13:04:00-04:00
108,14786.3935546875,14794.4169921875,14786.3935546875,14794.4169921875,14794.4169921875,12543000,False,False,False,False,False,False,False,False,False,False,False,False,False,False,False,False,False,2021-08-04 13:06:00-04:00
109,14794.0341796875,14795.80859375,14793.7470703125,14795.765625,14795.765625,12001000,False,False,False,False,False,False,False,False,False,False,False,False,False,False,False,False,False,2021-08-04 13:08:00-04:00
110,14796.916015625,14797.16796875,14795.037109375,14796.0966796875,14796.0966796875,12873000,False,False,False,False,False,False,False,False,False,False,False,False,False,False,False,False,False,2021-08-04 13:10:00-04:00
111,14796.0654296875,14799.4462890625,14796.0654296875,14798.3271484375,14798.3271484375,15463000,False,False,False,False,False,False,False,False,False,True,False,False,False,False,False,False,False,2021-08-04 13:12:00-04:00
112,14798.251953125,14798.251953125,14793.974609375,14793.974609375,14793.974609375,13601000,False,False,False,False,False,False,False,False,False,False,False,False,False,False,False,False,False,2021-08-04 13:14:00-04:00
113,14793.2314453125,14800.9013671875,14793.2314453125,14799.865234375,14799.865234375,9409000,False,False,False,False,False,False,False,False,False,True,False,False,False,False,False,False,False,2021-08-04 13:16:00-04:00
114,14799.3173828125,14802.181640625,14798.791015625,14802.181640625,14802.181640625,11714000,False,False,False,False,False,False,False,False,False,False,False,False,False,False,False,False,False,2021-08-04 13:18:00-04:00
115,14802.4658203125,14805.955078125,14802.4658203125,14805.955078125,14805.955078125,11225000,False,False,False,False,False,False,False,False,False,False,False,False,False,False,False,False,False,2021-08-04 13:20:00-04:00
116,14806.705078125,14808.271484375,14806.705078125,14807.9423828125,14807.9423828125,14528000,False,False,False,False,False,False,False,False,False,False,False,False,False,False,False,False,False,2021-08-04 13:22:00-04:00
117,14807.3408203125,14807.3408203125,14805.1259765625,14805.28515625,14805.28515625,9662000,False,False,False,False,False,False,False,False,False,False,False,False,False,False,False,False,False,2021-08-04 13:24:00-04:00
118,14804.3896484375,14804.455078125,14801.70703125,14802.3828125,14802.3828125,12297000,False,False,False,False,False,False,False,False,False,False,False,False,False,False,False,False,False,2021-08-04 13:26:00-04:00
119,14801.6630859375,14801.6630859375,14798.6259765625,14798.8369140625,14798.8369140625,11414000,False,False,False,False,False,False,False,False,False,False,False,False,False,False,False,False,False,2021-08-04 13:28:00-04:00
120,14798.689453125,14802.0205078125,14798.689453125,14800.07421875,14800.07421875,12683000,False,False,False,False,False,False,False,False,False,False,False,False,False,False,False,False,False,2021-08-04 13:30:00-04:00
121,14800.0419921875,14800.0419921875,14796.1142578125,14796.1142578125,14796.1142578125,12049000,False,False,False,False,False,False,False,False,False,False,False,False,False,False,False,False,False,2021-08-04 13:32:00-04:00
122,14795.0595703125,14795.0595703125,14790.67578125,14790.71875,14790.71875,14450000,False,False,False,False,False,False,False,False,False,False,False,False,False,False,False,False,False,2021-08-04 13:34:00-04:00
123,14790.205078125,14790.3818359375,14785.234375,14787.01171875,14787.01171875,15413000,False,False,False,False,False,False,False,False,False,False,False,False,False,False,False,False,False,2021-08-04 13:36:00-04:00
124,14786.9765625,14787.8232421875,14785.1357421875,14786.634765625,14786.634765625,12050000,False,False,False,False,False,False,False,False,False,False,False,False,False,False,False,False,False,2021-08-04 13:38:00-04:00
125,14786.9755859375,14789.6552734375,14785.80078125,14789.326171875,14789.326171875,12454000,False,False,False,False,False,False,False,False,False,False,False,False,False,False,False,False,False,2021-08-04 13:40:00-04:00
126,14789.50390625,14790.091796875,14786.9306640625,14788.6923828125,14788.6923828125,11598000,False,False,False,False,False,False,False,False,False,False,False,False,False,False,False,False,False,2021-08-04 13:42:00-04:00
127,14788.7392578125,14789.236328125,14786.9970703125,14787.70703125,14787.70703125,10076000,False,False,False,False,False,False,False,False,False,False,False,False,False,False,False,False,False,2021-08-04 13:44:00-04:00
128,14787.470703125,14790.890625,14787.24609375,14787.521484375,14787.521484375,13642000,True,False,False,False,True,False,False,False,False,False,False,False,False,False,False,False,False,2021-08-04 13:46:00-04:00
129,14787.556640625,14792.232421875,14787.4755859375,14792.232421875,14792.232421875,12085000,False,False,False,False,False,False,False,False,False,False,False,True,False,False,False,False,False,2021-08-04 13:48:00-04:00
130,14792.2177734375,14792.2177734375,14788.5859375,14789.8330078125,14789.8330078125,10943000,False,True,False,False,False,False,False,False,False,False,False,False,False,False,False,False,False,2021-08-04 13:50:00-04:00
131,14790.400390625,14796.2626953125,14790.400390625,14795.6806640625,14795.6806640625,12504000,False,False,False,False,False,False,False,False,False,False,False,False,False,False,False,False,False,2021-08-04 13:52:00-04:00
132,14795.6103515625,14797.2060546875,14795.431640625,14796.2275390625,14796.2275390625,11525000,False,False,False,False,False,False,False,False,False,False,False,False,False,False,False,False,False,2021-08-04 13:54:00-04:00
133,14796.5947265625,14797.208984375,14795.7880859375,14796.533203125,14796.533203125,15463000,False,False,False,False,True,False,False,False,False,False,False,False,False,False,False,False,False,2021-08-04 13:56:00-04:00
134,14796.638671875,14796.7900390625,14793.19921875,14793.19921875,14793.19921875,12124000,False,False,False,False,False,False,False,False,False,False,False,False,False,False,False,False,False,2021-08-04 13:58:00-04:00
135,14793.8896484375,14796.623046875,14791.7900390625,14791.7900390625,14791.7900390625,13640000,False,False,False,False,False,False,False,False,False,False,False,False,False,False,False,False,False,2021-08-04 14:00:00-04:00
136,14791.1044921875,14793.81640625,14791.1044921875,14793.4384765625,14793.4384765625,12954000,False,False,False,False,False,False,False,False,False,False,False,False,False,True,False,False,False,2021-08-04 14:02:00-04:00
137,14793.3115234375,14796.6953125,14793.3115234375,14795.4189453125,14795.4189453125,13253000,False,False,False,False,False,False,False,False,False,False,False,False,False,False,False,False,False,2021-08-04 14:04:00-04:00
138,14795.64453125,14800.5869140625,14795.64453125,14800.4111328125,14800.4111328125,12981000,False,False,False,False,False,False,False,False,False,False,False,False,False,False,False,False,False,2021-08-04 14:06:00-04:00
139,14800.6220703125,14801.6962890625,14798.849609375,14798.849609375,14798.849609375,9075000,False,False,False,False,False,False,False,False,False,False,False,False,False,False,False,False,False,2021-08-04 14:08:00-04:00
140,14799.00390625,14803.291015625,14798.580078125,14803.291015625,14803.291015625,12030000,False,False,False,False,False,False,False,False,False,False,False,False,False,False,False,False,False,2021-08-04 14:10:00-04:00
141,14803.8232421875,14806.900390625,14802.9228515625,14806.2216796875,14806.2216796875,13647000,False,False,False,False,False,False,False,False,False,False,False,False,False,False,False,False,False,2021-08-04 14:12:00-04:00
142,14806.3486328125,14809.2177734375,14806.3486328125,14807.564453125,14807.564453125,12967000,False,False,False,False,False,False,False,False,False,False,False,False,False,False,False,False,False,2021-08-04 14:14:00-04:00
143,14807.875,14808.134765625,14806.751953125,14806.7841796875,14806.7841796875,12074000,False,False,False,True,False,False,False,False,False,False,False,False,False,False,False,False,False,2021-08-04 14:16:00-04:00
144,14806.8681640625,14807.96875,14806.111328125,14806.111328125,14806.111328125,13678000,False,False,False,False,False,False,False,False,False,False,False,False,False,False,False,False,False,2021-08-04 14:18:00-04:00
145,14805.9384765625,14809.609375,14805.068359375,14809.5517578125,14809.5517578125,13400000,False,False,False,False,False,False,False,False,False,True,False,False,False,False,False,False,False,2021-08-04 14:20:00-04:00
146,14809.2783203125,14810.142578125,14808.53515625,14810.142578125,14810.142578125,11547000,False,False,False,False,False,False,False,False,False,False,False,False,False,False,False,False,False,2021-08-04 14:22:00-04:00
147,14809.9677734375,14811.119140625,14807.759765625,14808.58984375,14808.58984375,12429000,False,False,False,False,False,False,False,False,False,False,False,False,False,False,False,False,False,2021-08-04 14:24:00-04:00
148,14808.6015625,14809.15234375,14803.8037109375,14803.8037109375,14803.8037109375,13311000,False,False,False,False,False,False,False,False,False,False,False,False,False,False,False,False,False,2021-08-04 14:26:00-04:00
149,14803.84765625,14803.84765625,14802.583984375,14803.037109375,14803.037109375,13000000,False,False,False,False,False,False,False,False,False,False,False,False,False,False,False,False,False,2021-08-04 14:28:00-04:00
150,14803.2275390625,14805.4580078125,14802.0087890625,14802.2451171875,14802.2451171875,13478000,True,False,False,False,False,False,False,False,False,False,False,False,False,False,False,False,False,2021-08-04 14:30:00-04:00
151,14802.2998046875,14802.5390625,14799.2548828125,14802.4287109375,14802.4287109375,12193000,False,False,True,False,False,True,False,False,False,False,True,False,False,False,False,False,False,2021-08-04 14:32:00-04:00
152,14802.5986328125,14810.986328125,14802.5986328125,14810.986328125,14810.986328125,13464000,False,False,False,False,False,False,False,False,False,False,False,False,False,False,False,False,False,2021-08-04 14:34:00-04:00
153,14812.0693359375,14812.341796875,14807.041015625,14808.3193359375,14808.3193359375,14767000,False,False,False,False,False,False,False,False,False,False,False,False,False,False,False,False,False,2021-08-04 14:36:00-04:00
154,14808.2568359375,14810.6748046875,14807.2509765625,14810.6748046875,14810.6748046875,11870000,False,False,False,False,False,False,False,False,False,False,False,False,False,False,False,False,False,2021-08-04 14:38:00-04:00
155,14810.8818359375,14811.146484375,14808.1025390625,14808.4580078125,14808.4580078125,11995000,False,False,False,True,False,False,False,False,False,False,False,False,False,False,False,False,False,2021-08-04 14:40:00-04:00
156,14808.9111328125,14808.9111328125,14803.236328125,14804.671875,14804.671875,14339000,False,False,False,False,False,False,False,False,False,False,False,False,False,False,False,False,False,2021-08-04 14:42:00-04:00
157,14804.5927734375,14805.1865234375,14803.2216796875,14803.9443359375,14803.9443359375,12804000,False,False,False,False,False,False,False,False,False,False,False,False,False,False,False,False,False,2021-08-04 14:44:00-04:00
158,14803.2880859375,14803.2880859375,14797.447265625,14797.447265625,14797.447265625,11139000,False,False,False,False,False,False,False,False,False,False,False,False,False,False,False,False,False,2021-08-04 14:46:00-04:00
159,14797.3798828125,14797.3798828125,14792.5546875,14796.0849609375,14796.0849609375,15569000,False,False,False,False,False,False,False,False,False,False,True,False,False,False,True,False,False,2021-08-04 14:48:00-04:00
160,14795.767578125,14795.767578125,14791.544921875,14793.0771484375,14793.0771484375,11901000,False,False,False,False,False,False,False,False,False,False,False,False,False,False,False,False,False,2021-08-04 14:50:00-04:00
161,14792.912109375,14793.2041015625,14790.873046875,14792.1650390625,14792.1650390625,14006000,False,False,False,False,False,False,False,False,False,False,False,False,False,False,False,False,False,2021-08-04 14:52:00-04:00
162,14792.455078125,14795.828125,14789.6416015625,14789.8115234375,14789.8115234375,12939000,False,False,False,False,False,False,False,False,False,False,False,False,False,False,False,False,False,2021-08-04 14:54:00-04:00
163,14790.06640625,14790.9765625,14789.306640625,14789.9150390625,14789.9150390625,11190000,False,False,False,False,True,False,False,False,False,False,False,False,False,False,False,False,False,2021-08-04 14:56:00-04:00
164,14789.486328125,14792.287109375,14788.76171875,14792.287109375,14792.287109375,9383000,False,False,False,False,False,False,False,False,False,True,False,False,False,False,False,False,False,2021-08-04 14:58:00-04:00
165,14791.740234375,14793.0546875,14788.7373046875,14789.46875,14789.46875,12266000,False,False,False,False,False,False,False,False,False,False,False,False,False,False,False,False,False,2021-08-04 15:00:00-04:00
166,14789.6728515625,14793.3505859375,14789.6728515625,14791.1318359375,14791.1318359375,14488000,True,False,True,False,False,False,False,False,False,False,False,False,False,False,False,False,False,2021-08-04 15:02:00-04:00
167,14791.0419921875,14792.9638671875,14791.0419921875,14792.9638671875,14792.9638671875,10924000,False,False,False,False,False,False,False,False,False,False,False,False,False,False,False,False,False,2021-08-04 15:04:00-04:00
168,14792.767578125,14793.671875,14792.2470703125,14792.5244140625,14792.5244140625,11965000,True,True,False,False,False,False,False,False,False,False,False,False,False,False,False,False,False,2021-08-04 15:06:00-04:00
169,14792.23046875,14792.4658203125,14786.1064453125,14786.1669921875,14786.1669921875,12789000,False,False,False,False,False,False,False,False,False,False,False,False,False,False,False,False,False,2021-08-04 15:08:00-04:00
170,14787.005859375,14787.2421875,14780.4677734375,14780.4677734375,14780.4677734375,14082000,False,False,False,False,False,False,False,False,False,False,False,False,False,False,False,False,False,2021-08-04 15:10:00-04:00
171,14780.30859375,14780.46875,14777.46484375,14780.4423828125,14780.4423828125,10680000,False,False,False,False,False,True,False,False,False,False,True,False,False,False,False,False,False,2021-08-04 15:12:00-04:00
172,14780.33203125,14782.41015625,14779.7744140625,14780.068359375,14780.068359375,12553000,True,False,False,False,False,False,False,False,False,False,False,False,False,False,False,False,False,2021-08-04 15:14:00-04:00
173,14779.9033203125,14780.587890625,14775.15234375,14777.2275390625,14777.2275390625,13368000,False,False,False,False,False,False,False,False,False,False,False,False,False,False,False,False,False,2021-08-04 15:16:00-04:00
174,14777.3115234375,14778.056640625,14774.4296875,14774.4296875,14774.4296875,12363000,False,False,False,False,False,False,False,False,False,False,False,False,False,False,False,False,False,2021-08-04 15:18:00-04:00
175,14774.4599609375,14777.4853515625,14774.1259765625,14776.0126953125,14776.0126953125,13947000,False,False,True,False,False,False,False,False,False,False,False,False,False,False,False,False,False,2021-08-04 15:20:00-04:00
176,14776.5234375,14782.30859375,14776.5234375,14782.29296875,14782.29296875,13246000,False,False,False,False,False,False,False,False,False,False,False,False,False,False,False,False,False,2021-08-04 15:22:00-04:00
177,14781.9140625,14782.7373046875,14779.6123046875,14782.7373046875,14782.7373046875,15391000,False,False,False,False,False,False,False,False,False,False,True,False,False,False,False,False,False,2021-08-04 15:24:00-04:00
178,14782.6328125,14783.6376953125,14781.125,14782.3701171875,14782.3701171875,16980000,False,True,False,False,False,False,False,False,False,False,False,False,False,False,False,False,False,2021-08-04 15:26:00-04:00
179,14782.3525390625,14783.8857421875,14781.5791015625,14782.7275390625,14782.7275390625,16095000,False,False,False,False,False,False,False,False,False,True,False,False,False,False,False,False,False,2021-08-04 15:28:00-04:00
180,14782.8115234375,14782.8115234375,14778.7724609375,14780.0400390625,14780.0400390625,21244000,False,False,False,False,False,False,False,False,True,False,False,False,False,False,False,False,False,2021-08-04 15:30:00-04:00
181,14780.224609375,14787.236328125,14780.224609375,14786.9267578125,14786.9267578125,17067000,False,False,False,False,False,False,False,False,False,False,False,False,False,False,False,False,False,2021-08-04 15:32:00-04:00
182,14786.833984375,14787.0068359375,14785.03515625,14786.5283203125,14786.5283203125,13235000,False,True,False,False,False,False,False,False,False,False,True,False,False,False,False,False,False,2021-08-04 15:34:00-04:00
183,14787.0283203125,14788.404296875,14785.0712890625,14788.0302734375,14788.0302734375,18821000,False,False,False,False,False,False,False,False,False,False,False,False,False,False,False,False,False,2021-08-04 15:36:00-04:00
184,14788.0693359375,14788.0693359375,14784.6318359375,14786.3525390625,14786.3525390625,18331000,False,False,False,False,False,False,False,False,True,False,False,False,False,False,False,False,False,2021-08-04 15:38:00-04:00
185,14786.5234375,14787.2626953125,14785.1396484375,14787.189453125,14787.189453125,17954000,False,False,True,False,False,False,False,False,False,False,True,False,False,False,False,False,False,2021-08-04 15:40:00-04:00
186,14786.8916015625,14793.3515625,14786.701171875,14792.9990234375,14792.9990234375,20833000,False,False,False,False,False,False,False,False,False,False,False,False,False,False,False,False,False,2021-08-04 15:42:00-04:00
187,14793.0107421875,14794.615234375,14789.5576171875,14789.5576171875,14789.5576171875,19599000,False,False,False,True,False,False,False,False,False,False,False,False,False,False,False,False,False,2021-08-04 15:44:00-04:00
188,14789.55859375,14791.765625,14789.55859375,14791.4873046875,14791.4873046875,24257000,False,False,True,False,False,False,False,False,False,False,False,False,False,False,False,False,False,2021-08-04 15:46:00-04:00
189,14791.908203125,14794.5966796875,14791.38671875,14792.65234375,14792.65234375,22163000,True,False,False,False,False,False,False,False,False,False,False,False,False,False,False,True,False,2021-08-04 15:48:00-04:00
190,14797.2646484375,14797.2646484375,14791.853515625,14794.3583984375,14794.3583984375,33789000,False,False,False,False,False,False,False,False,False,False,False,False,False,False,False,False,False,2021-08-04 15:50:00-04:00
191,14795.0498046875,14795.8642578125,14791.7646484375,14794.890625,14794.890625,33413000,False,False,False,False,True,False,False,False,False,False,True,False,False,False,False,False,False,2021-08-04 15:52:00-04:00
192,14796.0458984375,14798.8232421875,14790.142578125,14790.142578125,14790.142578125,33689000,False,False,False,False,False,False,False,False,False,False,False,False,False,False,False,False,False,2021-08-04 15:54:00-04:00
193,14789.734375,14790.7529296875,14784.646484375,14787.34765625,14787.34765625,24801000,False,False,False,False,False,False,False,False,False,False,False,False,False,False,False,False,False,2021-08-04 15:56:00-04:00
194,14787.42578125,14789.6484375,14779.478515625,14779.478515625,14779.478515625,37411000,False,False,False,False,False,False,False,False,False,False,False,False,False,False,False,False,False,2021-08-04 15:58:00-04:00
